$version Generated by Wokwi.com $end
$date Tue, 29 Sep 2026 16:33:38 GMT $end
$timescale 1ns $end
$scope module logic $end
$var wire 1 ! D0 $end
$var wire 1 " D1 $end
$var wire 1 # D2 $end
$var wire 1 $ D3 $end
$var wire 1 % D4 $end
$var wire 1 & D5 $end
$var wire 1 ' D6 $end
$upscope $end
$enddefinitions $end
#0
0!
#0
0"
#0
0#
#0
0$
#0
0%
#0
0&
#0
0'
#0
1"
#0
1#
#2295475
1'
#3395375
0'
#3402575
1%
#3402575
1&
#3402575
1$
#3402675
0$
#3402750
0%
#3402750
0&
#3402750
1$
#3402850
0$
#3402925
1%
#3402925
1&
#3402925
1$
#3403000
0$
#3403100
0%
#3403100
0&
#3403100
1$
#3403175
0$
#3403250
1$
#3403350
0$
#3403425
1%
#3403425
1&
#3403425
1$
#3403500
0$
#3403600
0%
#3403600
0&
#3403600
1$
#3403675
0$
#3403750
1%
#3403750
1&
#3403750
1$
#3403850
0$
#3411250
1'
#4836250
0#
#4841250
0"
#4841250
1#
#4846250
1"
#4851250
0"
#4856250
1"
#4861250
0"
#4861250
0#
#4866250
1"
#4871250
0"
#4871250
1#
#4876250
1"
#4881250
0"
#4881250
0#
#4886250
1"
#4891250
0"
#4896250
1"
#4901250
0"
#4906250
1"
#4911250
0"
#4916250
1"
#4921250
0"
#4926250
1"
#4931250
0"
#4931250
1#
#4931250
0#
#4936250
1"
#4941250
0"
#4946250
1"
#4951250
0"
#4956250
1"
#4961250
0"
#4966250
1"
#4971250
0"
#4976250
1"
#4981250
0"
#4986250
1"
#4991250
0"
#4996250
1"
#5001250
0"
#5006250
1"
#5011250
0"
#5016250
1"
#5021250
0"
#5021250
1#
#5021250
0#
#5026250
1"
#5031250
1#
#5040775
0#
#5045775
0"
#5045775
1#
#5050775
1"
#5055775
0"
#5060775
1"
#5065775
0"
#5065775
0#
#5070775
1"
#5075775
0"
#5075775
1#
#5080775
1"
#5085775
0"
#5085775
0#
#5090775
1"
#5095775
0"
#5100775
1"
#5105775
0"
#5110775
1"
#5115775
0"
#5115775
1#
#5120775
1"
#5125775
0"
#5125775
0#
#5130775
1"
#5135775
0"
#5135775
1#
#5135775
0#
#5140775
1"
#5145775
0"
#5145775
1#
#5145775
0#
#5150775
1"
#5155775
0"
#5155775
1#
#5155775
0#
#5160775
1"
#5165775
0"
#5165775
1#
#5165775
0#
#5170775
1"
#5175775
0"
#5175775
1#
#5175775
0#
#5180775
1"
#5185775
0"
#5185775
1#
#5185775
0#
#5190775
1"
#5195775
0"
#5195775
1#
#5195775
0#
#5200775
1"
#5205775
0"
#5205775
1#
#5205775
0#
#5210775
1"
#5215775
0"
#5215775
1#
#5220775
1"
#5225775
0"
#5225775
0#
#5230775
1"
#5235775
1#
#32415253975
1!
#32415472975
0!
#32416253975
1!
#32416472975
0!
#32417253975
1!
#32417472975
0!
#32418253975
1!
#32418472975
0!
#32419253975
1!
#32419472975
0!
#32420253975
1!
#32420472975
0!
#32421253975
1!
#32421472975
0!
#32422253975
1!
#32422472975
0!
#32423253975
1!
#32423472975
0!
#32424253975
1!
#32424472975
0!
#32425253975
1!
#32425472975
0!
#32426253975
1!
#32426472975
0!
#32427253975
1!
#32427472975
0!
#32428253975
1!
#32428472975
0!
#32429253975
1!
#32429472975
0!
#32430253975
1!
#32430472975
0!
#32431253975
1!
#32431472975
0!
#32432253975
1!
#32432472975
0!
#32433253975
1!
#32433472975
0!
#32434253975
1!
#32434472975
0!
#32435253975
1!
#32435472975
0!
#32436253975
1!
#32436472975
0!
#32437253975
1!
#32437472975
0!
#32438253975
1!
#32438473000
0!
#32439253975
1!
#32439472975
0!
#32440253975
1!
#32440472975
0!
#32441253975
1!
#32441472975
0!
#32442253975
1!
#32442472975
0!
#32443253975
1!
#32443472975
0!
#32444253975
1!
#32444472975
0!
#32445253975
1!
#32445472975
0!
#32446253975
1!
#32446472975
0!
#32447253975
1!
#32447472975
0!
#32448253975
1!
#32448472975
0!
#32449253975
1!
#32449472975
0!
#32450253975
1!
#32450472975
0!
#32451253975
1!
#32451472975
0!
#32452253975
1!
#32452472975
0!
#32453253975
1!
#32453472975
0!
#32454253975
1!
#32454472975
0!
#32455253975
1!
#32455472975
0!
#32456253975
1!
#32456472975
0!
#32457253975
1!
#32457472975
0!
#32458253975
1!
#32458472975
0!
#32459253975
1!
#32459472975
0!
#32460253975
1!
#32460472975
0!
#32461253975
1!
#32461472975
0!
#32462254000
1!
#32462472975
0!
#32463253975
1!
#32463472975
0!
#32464253975
1!
#32464472975
0!
#32465254000
1!
#32465472975
0!
#32466253975
1!
#32466472975
0!
#32467253975
1!
#32467472975
0!
#32468253975
1!
#32468472975
0!
#32469253975
1!
#32469472975
0!
#32470253975
1!
#32470472975
0!
#32471254000
1!
#32471472975
0!
#32472253975
1!
#32472472975
0!
#32473253975
1!
#32473472975
0!
#32474254000
1!
#32474472975
0!
#32475253975
1!
#32475472975
0!
#32476253975
1!
#32476472975
0!
#32477254000
1!
#32477472975
0!
#32478253975
1!
#32478472975
0!
#32479253975
1!
#32479472975
0!
#32480253975
1!
#32480472975
0!
#32481253975
1!
#32481472975
0!
#32482253975
1!
#32482472975
0!
#32483253975
1!
#32483472975
0!
#32484253975
1!
#32484472975
0!
#32485253975
1!
#32485472975
0!
#32486253975
1!
#32486472975
0!
#32487253975
1!
#32487472975
0!
#32488253975
1!
#32488472975
0!
#32489253975
1!
#32489472975
0!
#32490253975
1!
#32490472975
0!
#32491253975
1!
#32491472975
0!
#32492253975
1!
#32492472975
0!
#32493253975
1!
#32493472975
0!
#32494253975
1!
#32494472975
0!
#32495253975
1!
#32495472975
0!
#32496253975
1!
#32496472975
0!
#32497253975
1!
#32497472975
0!
#32498253975
1!
#32498472975
0!
#32499253975
1!
#32499472975
0!
#32500253975
1!
#32500472975
0!
#32501253975
1!
#32501472975
0!
#32502253975
1!
#32502472975
0!
#32503253975
1!
#32503472975
0!
#32504253975
1!
#32504472975
0!
#32505253975
1!
#32505472975
0!
#32506253975
1!
#32506472975
0!
#32507253975
1!
#32507472975
0!
#32508253975
1!
#32508472975
0!
#32509253975
1!
#32509472975
0!
#32510253975
1!
#32510472975
0!
#32511253975
1!
#32511472975
0!
#32512253975
1!
#32512472975
0!
#32513253975
1!
#32513472975
0!
#32514253975
1!
#32514472975
0!
#32515253975
1!
#32515472975
0!
#32516253975
1!
#32516472975
0!
#32517253975
1!
#32517472975
0!
#32518253975
1!
#32518472975
0!
#32519253975
1!
#32519472975
0!
#32520253975
1!
#32520472975
0!
#32521253975
1!
#32521472975
0!
#32522253975
1!
#32522472975
0!
#32523253975
1!
#32523472975
0!
#32524253975
1!
#32524472975
0!
#32525253975
1!
#32525472975
0!
#32526254000
1!
#32526472975
0!
#32527253975
1!
#32527472975
0!
#32528253975
1!
#32528472975
0!
#32529254000
1!
#32529472975
0!
#32530253975
1!
#32530472975
0!
#32531253975
1!
#32531472975
0!
#32532254000
1!
#32532472975
0!
#32533253975
1!
#32533472975
0!
#32534253975
1!
#32534472975
0!
#32535254000
1!
#32535472975
0!
#32536253975
1!
#32536472975
0!
#32537253975
1!
#32537472975
0!
#32538254000
1!
#32538472975
0!
#32539253975
1!
#32539472975
0!
#32540253975
1!
#32540472975
0!
#32541253975
1!
#32541472975
0!
#32542253975
1!
#32542472975
0!
#32543253975
1!
#32543472975
0!
#32544253975
1!
#32544472975
0!
#32545253975
1!
#32545472975
0!
#32546253975
1!
#32546472975
0!
#32547253975
1!
#32547472975
0!
#32548253975
1!
#32548472975
0!
#32549253975
1!
#32549472975
0!
#32550253975
1!
#32550472975
0!
#32551253975
1!
#32551472975
0!
#32552253975
1!
#32552472975
0!
#32553253975
1!
#32553472975
0!
#32554253975
1!
#32554472975
0!
#32555253975
1!
#32555472975
0!
#32556253975
1!
#32556472975
0!
#32557253975
1!
#32557472975
0!
#32558253975
1!
#32558472975
0!
#32559253975
1!
#32559472975
0!
#32560253975
1!
#32560472975
0!
#32561253975
1!
#32561472975
0!
#32562253975
1!
#32562472975
0!
#32563253975
1!
#32563473000
0!
#32564253975
1!
#32564472975
0!
#32565253975
1!
#32565472975
0!
#32566253975
1!
#32566472975
0!
#32567253975
1!
#32567472975
0!
#32568253975
1!
#32568472975
0!
#32569253975
1!
#32569472975
0!
#32570253975
1!
#32570472975
0!
#32571253975
1!
#32571472975
0!
#32572253975
1!
#32572472975
0!
#32573253975
1!
#32573472975
0!
#32574253975
1!
#32574472975
0!
#32575253975
1!
#32575472975
0!
#32576253975
1!
#32576472975
0!
#32577253975
1!
#32577472975
0!
#32578253975
1!
#32578472975
0!
#32579253975
1!
#32579472975
0!
#32580253975
1!
#32580472975
0!
#32581253975
1!
#32581472975
0!
#32582253975
1!
#32582472975
0!
#32583253975
1!
#32583472975
0!
#32584253975
1!
#32584472975
0!
#32585253975
1!
#32585472975
0!
#32586253975
1!
#32586472975
0!
#32587254000
1!
#32587472975
0!
#32588253975
1!
#32588472975
0!
#32589253975
1!
#32589472975
0!
#32590254000
1!
#32590472975
0!
#32591253975
1!
#32591472975
0!
#32592253975
1!
#32592472975
0!
#32593254000
1!
#32593472975
0!
#32594253975
1!
#32594472975
0!
#32595253975
1!
#32595472975
0!
#32596254000
1!
#32596472975
0!
#32597253975
1!
#32597472975
0!
#32598253975
1!
#32598472975
0!
#32599254000
1!
#32599472975
0!
#32600253975
1!
#32600472975
0!
#32601253975
1!
#32601472975
0!
#32602254000
1!
#32602472975
0!
#32603253975
1!
#32603472975
0!
#32604253975
1!
#32604472975
0!
#32605253975
1!
#32605472975
0!
#32606253975
1!
#32606472975
0!
#32607253975
1!
#32607472975
0!
#32608253975
1!
#32608472975
0!
#32609253975
1!
#32609472975
0!
#32610253975
1!
#32610472975
0!
#32611253975
1!
#32611472975
0!
#32612253975
1!
#32612472975
0!
#32613253975
1!
#32613472975
0!
#32614253975
1!
#32614472975
0!
#32615253975
1!
#32615472975
0!
#32616253975
1!
#32616472975
0!
#32617253975
1!
#32617472975
0!
#32618253975
1!
#32618472975
0!
#32619253975
1!
#32619472975
0!
#32620253975
1!
#32620472975
0!
#32621253975
1!
#32621472975
0!
#32622253975
1!
#32622472975
0!
#32623253975
1!
#32623472975
0!
#32624253975
1!
#32624472975
0!
#32625253975
1!
#32625472975
0!
#32626253975
1!
#32626472975
0!
#32627253975
1!
#32627472975
0!
#32628253975
1!
#32628472975
0!
#32629253975
1!
#32629472975
0!
#32630253975
1!
#32630473000
0!
#32631253975
1!
#32631472975
0!
#32632253975
1!
#32632472975
0!
#32633253975
1!
#32633472975
0!
#32634253975
1!
#32634472975
0!
#32635253975
1!
#32635472975
0!
#32636253975
1!
#32636472975
0!
#32637253975
1!
#32637472975
0!
#32638253975
1!
#32638472975
0!
#32639253975
1!
#32639472975
0!
#32640253975
1!
#32640472975
0!
#32641253975
1!
#32641472975
0!
#32642253975
1!
#32642472975
0!
#32643253975
1!
#32643472975
0!
#32644253975
1!
#32644472975
0!
#32645253975
1!
#32645472975
0!
#32646253975
1!
#32646472975
0!
#32647253975
1!
#32647472975
0!
#32648253975
1!
#32648472975
0!
#32649253975
1!
#32649472975
0!
#32650253975
1!
#32650472975
0!
#32651254000
1!
#32651472975
0!
#32652253975
1!
#32652472975
0!
#32653253975
1!
#32653472975
0!
#32654254000
1!
#32654472975
0!
#32655253975
1!
#32655472975
0!
#32656253975
1!
#32656472975
0!
#32657254000
1!
#32657472975
0!
#32658253975
1!
#32658472975
0!
#32659253975
1!
#32659472975
0!
#32660254000
1!
#32660472975
0!
#32661253975
1!
#32661472975
0!
#32662253975
1!
#32662472975
0!
#32663254000
1!
#32663472975
0!
#32664253975
1!
#32664472975
0!
#32665253975
1!
#32665472975
0!
#32666253975
1!
#32666472975
0!
#32667253975
1!
#32667472975
0!
#32668253975
1!
#32668472975
0!
#32669253975
1!
#32669472975
0!
#32670253975
1!
#32670472975
0!
#32671253975
1!
#32671472975
0!
#32672253975
1!
#32672472975
0!
#32673253975
1!
#32673472975
0!
#32674253975
1!
#32674472975
0!
#32675253975
1!
#32675472975
0!
#32676253975
1!
#32676472975
0!
#32677253975
1!
#32677472975
0!
#32678253975
1!
#32678472975
0!
#32679253975
1!
#32679472975
0!
#32680253975
1!
#32680472975
0!
#32681253975
1!
#32681472975
0!
#32682253975
1!
#32682472975
0!
#32683253975
1!
#32683472975
0!
#32684253975
1!
#32684472975
0!
#32685253975
1!
#32685472975
0!
#32686253975
1!
#32686472975
0!
#32687253975
1!
#32687472975
0!
#32688253975
1!
#32688473000
0!
#32689253975
1!
#32689472975
0!
#32690253975
1!
#32690472975
0!
#32691253975
1!
#32691472975
0!
#32692253975
1!
#32692472975
0!
#32693253975
1!
#32693472975
0!
#32694253975
1!
#32694472975
0!
#32695253975
1!
#32695472975
0!
#32696253975
1!
#32696472975
0!
#32697253975
1!
#32697472975
0!
#32698253975
1!
#32698472975
0!
#32699253975
1!
#32699472975
0!
#32700253975
1!
#32700472975
0!
#32701253975
1!
#32701472975
0!
#32702253975
1!
#32702472975
0!
#32703253975
1!
#32703472975
0!
#32704253975
1!
#32704472975
0!
#32705253975
1!
#32705472975
0!
#32706253975
1!
#32706472975
0!
#32707253975
1!
#32707472975
0!
#32708253975
1!
#32708472975
0!
#32709253975
1!
#32709472975
0!
#32710253975
1!
#32710472975
0!
#32711253975
1!
#32711472975
0!
#32712254000
1!
#32712472975
0!
#32713253975
1!
#32713472975
0!
#32714253975
1!
#32714472975
0!
#32715254000
1!
#32715472975
0!
#32716253975
1!
#32716472975
0!
#32717253975
1!
#32717472975
0!
#32718254000
1!
#32718472975
0!
#32719253975
1!
#32719472975
0!
#32720253975
1!
#32720472975
0!
#32721254000
1!
#32721472975
0!
#32722253975
1!
#32722472975
0!
#32723253975
1!
#32723472975
0!
#32724254000
1!
#32724472975
0!
#32725253975
1!
#32725472975
0!
#32726253975
1!
#32726472975
0!
#32727254000
1!
#32727472975
0!
#32728253975
1!
#32728472975
0!
#32729253975
1!
#32729472975
0!
#32730253975
1!
#32730472975
0!
#32731253975
1!
#32731472975
0!
#32732253975
1!
#32732472975
0!
#32733253975
1!
#32733472975
0!
#32734253975
1!
#32734472975
0!
#32735253975
1!
#32735472975
0!
#32736253975
1!
#32736472975
0!
#32737253975
1!
#32737472975
0!
#32738253975
1!
#32738472975
0!
#32739253975
1!
#32739472975
0!
#32740253975
1!
#32740472975
0!
#32741253975
1!
#32741472975
0!
#32742253975
1!
#32742472975
0!
#32743253975
1!
#32743472975
0!
#32744253975
1!
#32744472975
0!
#32745253975
1!
#32745472975
0!
#32746253975
1!
#32746472975
0!
#32747253975
1!
#32747472975
0!
#32748253975
1!
#32748472975
0!
#32749253975
1!
#32749472975
0!
#32750253975
1!
#32750472975
0!
#32751253975
1!
#32751472975
0!
#32752253975
1!
#32752472975
0!
#32753253975
1!
#32753472975
0!
#32754253975
1!
#32754472975
0!
#32755253975
1!
#32755472975
0!
#32756253975
1!
#32756472975
0!
#32757253975
1!
#32757472975
0!
#32758253975
1!
#32758472975
0!
#32759253975
1!
#32759472975
0!
#32760253975
1!
#32760472975
0!
#32761253975
1!
#32761472975
0!
#32762253975
1!
#32762472975
0!
#32763253975
1!
#32763472975
0!
#32764253975
1!
#32764472975
0!
#32765253975
1!
#32765472975
0!
#32766253975
1!
#32766472975
0!
#32767253975
1!
#32767472975
0!
#32768253975
1!
#32768472975
0!
#32769253975
1!
#32769472975
0!
#32770253975
1!
#32770472975
0!
#32771253975
1!
#32771472975
0!
#32772253975
1!
#32772472975
0!
#32773253975
1!
#32773472975
0!
#32774253975
1!
#32774472975
0!
#32775253975
1!
#32775472975
0!
#32776254000
1!
#32776472975
0!
#32777253975
1!
#32777472975
0!
#32778253975
1!
#32778472975
0!
#32779254000
1!
#32779472975
0!
#32780253975
1!
#32780472975
0!
#32781253975
1!
#32781472975
0!
#32782254000
1!
#32782472975
0!
#32783253975
1!
#32783472975
0!
#32784253975
1!
#32784472975
0!
#32785253975
1!
#32785472975
0!
#32786253975
1!
#32786472975
0!
#32787253975
1!
#32787472975
0!
#32788254000
1!
#32788472975
0!
#32789253975
1!
#32789472975
0!
#32790253975
1!
#32790472975
0!
#32791253975
1!
#32791472975
0!
#32792253975
1!
#32792472975
0!
#32793253975
1!
#32793472975
0!
#32794253975
1!
#32794472975
0!
#32795253975
1!
#32795472975
0!
#32796253975
1!
#32796472975
0!
#32797253975
1!
#32797472975
0!
#32798253975
1!
#32798472975
0!
#32799253975
1!
#32799472975
0!
#32800253975
1!
#32800472975
0!
#32801253975
1!
#32801472975
0!
#32802253975
1!
#32802472975
0!
#32803253975
1!
#32803472975
0!
#32804253975
1!
#32804472975
0!
#32805253975
1!
#32805472975
0!
#32806253975
1!
#32806472975
0!
#32807253975
1!
#32807472975
0!
#32808253975
1!
#32808472975
0!
#32809253975
1!
#32809472975
0!
#32810253975
1!
#32810472975
0!
#32811253975
1!
#32811472975
0!
#32812253975
1!
#32812472975
0!
#32813253975
1!
#32813472975
0!
#32814253975
1!
#32814472975
0!
#32815253975
1!
#32815472975
0!
#32816253975
1!
#32816472975
0!
#32817253975
1!
#32817472975
0!
#32818253975
1!
#32818472975
0!
#32819253975
1!
#32819472975
0!
#32820253975
1!
#32820472975
0!
#32821253975
1!
#32821472975
0!
#32822253975
1!
#32822472975
0!
#32823253975
1!
#32823472975
0!
#32824253975
1!
#32824472975
0!
#32825253975
1!
#32825472975
0!
#32826253975
1!
#32826472975
0!
#32827253975
1!
#32827472975
0!
#32828253975
1!
#32828472975
0!
#32829253975
1!
#32829472975
0!
#32830253975
1!
#32830472975
0!
#32831253975
1!
#32831472975
0!
#32832253975
1!
#32832472975
0!
#32833253975
1!
#32833472975
0!
#32834253975
1!
#32834472975
0!
#32835253975
1!
#32835472975
0!
#32836253975
1!
#32836472975
0!
#32837254000
1!
#32837472975
0!
#32838253975
1!
#32838472975
0!
#32839253975
1!
#32839472975
0!
#32840253975
1!
#32840472975
0!
#32841253975
1!
#32841472975
0!
#32842253975
1!
#32842472975
0!
#32843254000
1!
#32843472975
0!
#32844253975
1!
#32844472975
0!
#32845253975
1!
#32845472975
0!
#32846254000
1!
#32846472975
0!
#32847253975
1!
#32847472975
0!
#32848253975
1!
#32848472975
0!
#32849254000
1!
#32849472975
0!
#32850253975
1!
#32850472975
0!
#32851253975
1!
#32851472975
0!
#32852253975
1!
#32852472975
0!
#32853253975
1!
#32853472975
0!
#32854253975
1!
#32854472975
0!
#32855253975
1!
#32855472975
0!
#32856253975
1!
#32856472975
0!
#32857253975
1!
#32857472975
0!
#32858253975
1!
#32858472975
0!
#32859253975
1!
#32859472975
0!
#32860253975
1!
#32860472975
0!
#32861253975
1!
#32861472975
0!
#32862253975
1!
#32862472975
0!
#32863253975
1!
#32863472975
0!
#32864253975
1!
#32864472975
0!
#32865253975
1!
#32865472975
0!
#32866253975
1!
#32866472975
0!
#32867253975
1!
#32867472975
0!
#32868253975
1!
#32868472975
0!
#32869253975
1!
#32869472975
0!
#32870253975
1!
#32870472975
0!
#32871253975
1!
#32871472975
0!
#32872253975
1!
#32872472975
0!
#32873253975
1!
#32873472975
0!
#32874253975
1!
#32874473000
0!
#32875253975
1!
#32875472975
0!
#32876253975
1!
#32876472975
0!
#32877253975
1!
#32877472975
0!
#32878253975
1!
#32878472975
0!
#32879253975
1!
#32879472975
0!
#32880253975
1!
#32880472975
0!
#32881253975
1!
#32881472975
0!
#32882253975
1!
#32882472975
0!
#32883253975
1!
#32883472975
0!
#32884253975
1!
#32884472975
0!
#32885253975
1!
#32885472975
0!
#32886253975
1!
#32886472975
0!
#32887253975
1!
#32887472975
0!
#32888253975
1!
#32888472975
0!
#32889253975
1!
#32889472975
0!
#32890253975
1!
#32890472975
0!
#32891253975
1!
#32891472975
0!
#32892253975
1!
#32892472975
0!
#32893253975
1!
#32893472975
0!
#32894253975
1!
#32894472975
0!
#32895253975
1!
#32895472975
0!
#32896253975
1!
#32896472975
0!
#32897253975
1!
#32897472975
0!
#32898253975
1!
#32898472975
0!
#32899253975
1!
#32899472975
0!
#32900253975
1!
#32900472975
0!
#32901254000
1!
#32901472975
0!
#32902253975
1!
#32902472975
0!
#32903253975
1!
#32903472975
0!
#32904254000
1!
#32904472975
0!
#32905253975
1!
#32905472975
0!
#32906253975
1!
#32906472975
0!
#32907254000
1!
#32907472975
0!
#32908253975
1!
#32908472975
0!
#32909253975
1!
#32909472975
0!
#32910254000
1!
#32910472975
0!
#32911253975
1!
#32911472975
0!
#32912253975
1!
#32912472975
0!
#32913254000
1!
#32913472975
0!
#32914253975
1!
#32914472975
0!
#32915253975
1!
#32915472975
0!
#32916253975
1!
#32916472975
0!
#32917253975
1!
#32917472975
0!
#32918253975
1!
#32918472975
0!
#32919253975
1!
#32919472975
0!
#32920253975
1!
#32920472975
0!
#32921253975
1!
#32921472975
0!
#32922253975
1!
#32922472975
0!
#32923253975
1!
#32923472975
0!
#32924253975
1!
#32924472975
0!
#32925253975
1!
#32925472975
0!
#32926253975
1!
#32926472975
0!
#32927253975
1!
#32927472975
0!
#32928253975
1!
#32928472975
0!
#32929253975
1!
#32929472975
0!
#32930253975
1!
#32930472975
0!
#32931253975
1!
#32931472975
0!
#32932253975
1!
#32932472975
0!
#32933253975
1!
#32933472975
0!
#32934253975
1!
#32934472975
0!
#32935253975
1!
#32935472975
0!
#32936253975
1!
#32936472975
0!
#32937253975
1!
#32937472975
0!
#32938253975
1!
#32938473000
0!
#32939253975
1!
#32939472975
0!
#32940253975
1!
#32940472975
0!
#32941253975
1!
#32941472975
0!
#32942253975
1!
#32942472975
0!
#32943253975
1!
#32943472975
0!
#32944253975
1!
#32944472975
0!
#32945253975
1!
#32945472975
0!
#32946253975
1!
#32946472975
0!
#32947253975
1!
#32947472975
0!
#32948253975
1!
#32948472975
0!
#32949253975
1!
#32949472975
0!
#32950253975
1!
#32950472975
0!
#32951253975
1!
#32951472975
0!
#32952253975
1!
#32952472975
0!
#32953253975
1!
#32953472975
0!
#32954253975
1!
#32954472975
0!
#32955253975
1!
#32955472975
0!
#32956253975
1!
#32956472975
0!
#32957253975
1!
#32957472975
0!
#32958253975
1!
#32958472975
0!
#32959253975
1!
#32959472975
0!
#32960253975
1!
#32960472975
0!
#32961253975
1!
#32961472975
0!
#32962254000
1!
#32962472975
0!
#32963253975
1!
#32963472975
0!
#32964253975
1!
#32964472975
0!
#32965254000
1!
#32965472975
0!
#32966253975
1!
#32966472975
0!
#32967253975
1!
#32967472975
0!
#32968254000
1!
#32968472975
0!
#32969253975
1!
#32969472975
0!
#32970253975
1!
#32970472975
0!
#32971254000
1!
#32971472975
0!
#32972253975
1!
#32972472975
0!
#32973253975
1!
#32973472975
0!
#32974254000
1!
#32974472975
0!
#32975253975
1!
#32975472975
0!
#32976253975
1!
#32976472975
0!
#32977254000
1!
#32977472975
0!
#32978253975
1!
#32978472975
0!
#32979253975
1!
#32979472975
0!
#32980253975
1!
#32980472975
0!
#32981253975
1!
#32981472975
0!
#32982253975
1!
#32982472975
0!
#32983253975
1!
#32983472975
0!
#32984253975
1!
#32984472975
0!
#32985253975
1!
#32985472975
0!
#32986253975
1!
#32986472975
0!
#32987253975
1!
#32987472975
0!
#32988253975
1!
#32988472975
0!
#32989253975
1!
#32989472975
0!
#32990253975
1!
#32990472975
0!
#32991253975
1!
#32991472975
0!
#32992253975
1!
#32992472975
0!
#32993253975
1!
#32993472975
0!
#32994253975
1!
#32994472975
0!
#32995253975
1!
#32995472975
0!
#32996253975
1!
#32996472975
0!
#32997253975
1!
#32997472975
0!
#32998253975
1!
#32998472975
0!
#32999253975
1!
#32999472975
0!
#33000253975
1!
#33000472975
0!
#33001253975
1!
#33001472975
0!
#33002253975
1!
#33002473000
0!
#33003253975
1!
#33003472975
0!
#33004253975
1!
#33004472975
0!
#33005253975
1!
#33005472975
0!
#33006253975
1!
#33006472975
0!
#33007253975
1!
#33007472975
0!
#33008253975
1!
#33008472975
0!
#33009253975
1!
#33009472975
0!
#33010253975
1!
#33010472975
0!
#33011253975
1!
#33011472975
0!
#33012253975
1!
#33012472975
0!
#33013253975
1!
#33013472975
0!
#33014253975
1!
#33014472975
0!
#33015253975
1!
#33015472975
0!
#33016253975
1!
#33016472975
0!
#33017253975
1!
#33017472975
0!
#33018253975
1!
#33018472975
0!
#33019253975
1!
#33019472975
0!
#33020253975
1!
#33020472975
0!
#33021253975
1!
#33021472975
0!
#33022253975
1!
#33022472975
0!
#33023253975
1!
#33023472975
0!
#33024253975
1!
#33024472975
0!
#33025253975
1!
#33025472975
0!
#33026254000
1!
#33026472975
0!
#33027253975
1!
#33027472975
0!
#33028253975
1!
#33028472975
0!
#33029254000
1!
#33029472975
0!
#33030253975
1!
#33030472975
0!
#33031253975
1!
#33031472975
0!
#33032254000
1!
#33032472975
0!
#33033253975
1!
#33033472975
0!
#33034253975
1!
#33034472975
0!
#33035254000
1!
#33035472975
0!
#33036253975
1!
#33036472975
0!
#33037253975
1!
#33037472975
0!
#33038254000
1!
#33038472975
0!
#33039253975
1!
#33039472975
0!
#33040253975
1!
#33040472975
0!
#33041253975
1!
#33041472975
0!
#33042253975
1!
#33042472975
0!
#33043253975
1!
#33043472975
0!
#33044253975
1!
#33044472975
0!
#33045253975
1!
#33045472975
0!
#33046253975
1!
#33046472975
0!
#33047253975
1!
#33047472975
0!
#33048253975
1!
#33048472975
0!
#33049253975
1!
#33049472975
0!
#33050253975
1!
#33050472975
0!
#33051253975
1!
#33051472975
0!
#33052253975
1!
#33052472975
0!
#33053253975
1!
#33053472975
0!
#33054253975
1!
#33054472975
0!
#33055253975
1!
#33055472975
0!
#33056253975
1!
#33056472975
0!
#33057253975
1!
#33057472975
0!
#33058253975
1!
#33058472975
0!
#33059253975
1!
#33059472975
0!
#33060253975
1!
#33060472975
0!
#33061253975
1!
#33061472975
0!
#33062253975
1!
#33062472975
0!
#33063253975
1!
#33063472975
0!
#33064253975
1!
#33064472975
0!
#33065253975
1!
#33065472975
0!
#33066253975
1!
#33066472975
0!
#33067253975
1!
#33067472975
0!
#33068253975
1!
#33068472975
0!
#33069253975
1!
#33069472975
0!
#33070253975
1!
#33070472975
0!
#33071253975
1!
#33071472975
0!
#33072253975
1!
#33072472975
0!
#33073253975
1!
#33073472975
0!
#33074253975
1!
#33074472975
0!
#33075253975
1!
#33075472975
0!
#33076253975
1!
#33076472975
0!
#33077253975
1!
#33077472975
0!
#33078253975
1!
#33078472975
0!
#33079253975
1!
#33079472975
0!
#33080253975
1!
#33080472975
0!
#33081253975
1!
#33081472975
0!
#33082253975
1!
#33082472975
0!
#33083253975
1!
#33083472975
0!
#33084253975
1!
#33084472975
0!
#33085253975
1!
#33085472975
0!
#33086253975
1!
#33086472975
0!
#33087254000
1!
#33087472975
0!
#33088253975
1!
#33088472975
0!
#33089253975
1!
#33089472975
0!
#33090254000
1!
#33090472975
0!
#33091253975
1!
#33091472975
0!
#33092253975
1!
#33092472975
0!
#33093254000
1!
#33093472975
0!
#33094253975
1!
#33094472975
0!
#33095253975
1!
#33095472975
0!
#33096254000
1!
#33096472975
0!
#33097253975
1!
#33097472975
0!
#33098253975
1!
#33098472975
0!
#33099254000
1!
#33099472975
0!
#33100253975
1!
#33100472975
0!
#33101253975
1!
#33101472975
0!
#33102254000
1!
#33102472975
0!
#33103253975
1!
#33103472975
0!
#33104253975
1!
#33104472975
0!
#33105253975
1!
#33105472975
0!
#33106253975
1!
#33106472975
0!
#33107253975
1!
#33107472975
0!
#33108253975
1!
#33108472975
0!
#33109253975
1!
#33109472975
0!
#33110253975
1!
#33110472975
0!
#33111253975
1!
#33111472975
0!
#33112253975
1!
#33112472975
0!
#33113253975
1!
#33113472975
0!
#33114253975
1!
#33114472975
0!
#33115253975
1!
#33115472975
0!
#33116253975
1!
#33116472975
0!
#33117253975
1!
#33117472975
0!
#33118253975
1!
#33118472975
0!
#33119253975
1!
#33119472975
0!
#33120253975
1!
#33120472975
0!
#33121253975
1!
#33121472975
0!
#33122253975
1!
#33122472975
0!
#33123253975
1!
#33123472975
0!
#33124253975
1!
#33124472975
0!
#33125253975
1!
#33125472975
0!
#33126253975
1!
#33126472975
0!
#33127253975
1!
#33127472975
0!
#33128253975
1!
#33128472975
0!
#33129253975
1!
#33129472975
0!
#33130253975
1!
#33130472975
0!
#33131253975
1!
#33131472975
0!
#33132253975
1!
#33132472975
0!
#33133253975
1!
#33133472975
0!
#33134253975
1!
#33134472975
0!
#33135253975
1!
#33135472975
0!
#33136253975
1!
#33136472975
0!
#33137253975
1!
#33137472975
0!
#33138253975
1!
#33138472975
0!
#33139253975
1!
#33139472975
0!
#33140253975
1!
#33140472975
0!
#33141253975
1!
#33141472975
0!
#33142253975
1!
#33142472975
0!
#33143253975
1!
#33143472975
0!
#33144253975
1!
#33144472975
0!
#33145253975
1!
#33145472975
0!
#33146253975
1!
#33146472975
0!
#33147253975
1!
#33147472975
0!
#33148253975
1!
#33148472975
0!
#33149253975
1!
#33149472975
0!
#33150253975
1!
#33150472975
0!
#33151254000
1!
#33151472975
0!
#33152253975
1!
#33152472975
0!
#33153253975
1!
#33153472975
0!
#33154254000
1!
#33154472975
0!
#33155253975
1!
#33155472975
0!
#33156253975
1!
#33156472975
0!
#33157253975
1!
#33157472975
0!
#33158253975
1!
#33158472975
0!
#33159253975
1!
#33159472975
0!
#33160254000
1!
#33160472975
0!
#33161253975
1!
#33161472975
0!
#33162253975
1!
#33162472975
0!
#33163254000
1!
#33163472975
0!
#33164253975
1!
#33164472975
0!
#33165253975
1!
#33165472975
0!
#33166253975
1!
#33166472975
0!
#33167253975
1!
#33167472975
0!
#33168253975
1!
#33168472975
0!
#33169253975
1!
#33169472975
0!
#33170253975
1!
#33170472975
0!
#33171253975
1!
#33171472975
0!
#33172253975
1!
#33172472975
0!
#33173253975
1!
#33173472975
0!
#33174253975
1!
#33174472975
0!
#33175253975
1!
#33175472975
0!
#33176253975
1!
#33176472975
0!
#33177253975
1!
#33177472975
0!
#33178253975
1!
#33178472975
0!
#33179253975
1!
#33179472975
0!
#33180253975
1!
#33180472975
0!
#33181253975
1!
#33181472975
0!
#33182253975
1!
#33182472975
0!
#33183253975
1!
#33183472975
0!
#33184253975
1!
#33184472975
0!
#33185253975
1!
#33185472975
0!
#33186253975
1!
#33186472975
0!
#33187253975
1!
#33187472975
0!
#33188253975
1!
#33188473000
0!
#33189253975
1!
#33189472975
0!
#33190253975
1!
#33190472975
0!
#33191253975
1!
#33191472975
0!
#33192253975
1!
#33192472975
0!
#33193253975
1!
#33193472975
0!
#33194253975
1!
#33194472975
0!
#33195253975
1!
#33195472975
0!
#33196253975
1!
#33196472975
0!
#33197253975
1!
#33197472975
0!
#33198253975
1!
#33198472975
0!
#33199253975
1!
#33199472975
0!
#33200253975
1!
#33200472975
0!
#33201253975
1!
#33201472975
0!
#33202253975
1!
#33202472975
0!
#33203253975
1!
#33203472975
0!
#33204253975
1!
#33204472975
0!
#33205253975
1!
#33205472975
0!
#33206253975
1!
#33206472975
0!
#33207253975
1!
#33207472975
0!
#33208253975
1!
#33208472975
0!
#33209253975
1!
#33209472975
0!
#33210253975
1!
#33210472975
0!
#33211253975
1!
#33211472975
0!
#33212253975
1!
#33212472975
0!
#33213253975
1!
#33213472975
0!
#33214253975
1!
#33214472975
0!
#33215254000
1!
#33215472975
0!
#33216253975
1!
#33216472975
0!
#33217253975
1!
#33217472975
0!
#33218254000
1!
#33218472975
0!
#33219253975
1!
#33219472975
0!
#33220253975
1!
#33220472975
0!
#33221254000
1!
#33221472975
0!
#33222253975
1!
#33222472975
0!
#33223253975
1!
#33223472975
0!
#33224253975
1!
#33224472975
0!
#33225253975
1!
#33225472975
0!
#33226253975
1!
#33226472975
0!
#33227254000
1!
#33227472975
0!
#33228253975
1!
#33228472975
0!
#33229253975
1!
#33229472975
0!
#33230253975
1!
#33230472975
0!
#33231253975
1!
#33231472975
0!
#33232253975
1!
#33232472975
0!
#33233253975
1!
#33233472975
0!
#33234253975
1!
#33234472975
0!
#33235253975
1!
#33235472975
0!
#33236253975
1!
#33236472975
0!
#33237253975
1!
#33237472975
0!
#33238253975
1!
#33238472975
0!
#33239253975
1!
#33239472975
0!
#33240253975
1!
#33240472975
0!
#33241253975
1!
#33241472975
0!
#33242253975
1!
#33242472975
0!
#33243253975
1!
#33243472975
0!
#33244253975
1!
#33244472975
0!
#33245253975
1!
#33245472975
0!
#33246253975
1!
#33246472975
0!
#33247253975
1!
#33247472975
0!
#33248253975
1!
#33248472975
0!
#33249253975
1!
#33249473000
0!
#33250253975
1!
#33250472975
0!
#33251253975
1!
#33251472975
0!
#33252253975
1!
#33252472975
0!
#33253253975
1!
#33253472975
0!
#33254253975
1!
#33254472975
0!
#33255253975
1!
#33255472975
0!
#33256253975
1!
#33256472975
0!
#33257253975
1!
#33257472975
0!
#33258253975
1!
#33258472975
0!
#33259253975
1!
#33259472975
0!
#33260253975
1!
#33260472975
0!
#33261253975
1!
#33261472975
0!
#33262253975
1!
#33262472975
0!
#33263253975
1!
#33263472975
0!
#33264253975
1!
#33264472975
0!
#33265253975
1!
#33265472975
0!
#33266253975
1!
#33266472975
0!
#33267253975
1!
#33267472975
0!
#33268253975
1!
#33268472975
0!
#33269253975
1!
#33269472975
0!
#33270253975
1!
#33270472975
0!
#33271253975
1!
#33271472975
0!
#33272253975
1!
#33272472975
0!
#33273253975
1!
#33273472975
0!
#33274253975
1!
#33274472975
0!
#33275253975
1!
#33275472975
0!
#33276254000
1!
#33276472975
0!
#33277253975
1!
#33277472975
0!
#33278253975
1!
#33278472975
0!
#33279254000
1!
#33279472975
0!
#33280253975
1!
#33280472975
0!
#33281253975
1!
#33281472975
0!
#33282254000
1!
#33282472975
0!
#33283253975
1!
#33283472975
0!
#33284253975
1!
#33284472975
0!
#33285254000
1!
#33285472975
0!
#33286253975
1!
#33286472975
0!
#33287253975
1!
#33287472975
0!
#33288254000
1!
#33288472975
0!
#33289253975
1!
#33289472975
0!
#33290253975
1!
#33290472975
0!
#33291253975
1!
#33291472975
0!
#33292253975
1!
#33292472975
0!
#33293253975
1!
#33293472975
0!
#33294253975
1!
#33294472975
0!
#33295253975
1!
#33295472975
0!
#33296253975
1!
#33296472975
0!
#33297253975
1!
#33297472975
0!
#33298253975
1!
#33298472975
0!
#33299253975
1!
#33299472975
0!
#33300253975
1!
#33300472975
0!
#33301253975
1!
#33301472975
0!
#33302253975
1!
#33302472975
0!
#33303253975
1!
#33303472975
0!
#33304253975
1!
#33304472975
0!
#33305253975
1!
#33305472975
0!
#33306253975
1!
#33306472975
0!
#33307253975
1!
#33307472975
0!
#33308253975
1!
#33308472975
0!
#33309253975
1!
#33309472975
0!
#33310253975
1!
#33310473000
0!
#33311253975
1!
#33311472975
0!
#33312253975
1!
#33312472975
0!
#33313253975
1!
#33313472975
0!
#33314253975
1!
#33314472975
0!
#33315253975
1!
#33315472975
0!
#33316253975
1!
#33316472975
0!
#33317253975
1!
#33317472975
0!
#33318253975
1!
#33318472975
0!
#33319253975
1!
#33319472975
0!
#33320253975
1!
#33320472975
0!
#33321253975
1!
#33321472975
0!
#33322253975
1!
#33322472975
0!
#33323253975
1!
#33323472975
0!
#33324253975
1!
#33324472975
0!
#33325253975
1!
#33325472975
0!
#33326253975
1!
#33326472975
0!
#33327253975
1!
#33327472975
0!
#33328253975
1!
#33328472975
0!
#33329253975
1!
#33329472975
0!
#33330253975
1!
#33330472975
0!
#33331253975
1!
#33331472975
0!
#33332253975
1!
#33332472975
0!
#33333253975
1!
#33333472975
0!
#33334253975
1!
#33334472975
0!
#33335253975
1!
#33335472975
0!
#33336253975
1!
#33336472975
0!
#33337254000
1!
#33337472975
0!
#33338253975
1!
#33338472975
0!
#33339253975
1!
#33339472975
0!
#33340254000
1!
#33340472975
0!
#33341253975
1!
#33341472975
0!
#33342253975
1!
#33342472975
0!
#33343254000
1!
#33343472975
0!
#33344253975
1!
#33344472975
0!
#33345253975
1!
#33345472975
0!
#33346254000
1!
#33346472975
0!
#33347253975
1!
#33347472975
0!
#33348253975
1!
#33348472975
0!
#33349254000
1!
#33349472975
0!
#33350253975
1!
#33350472975
0!
#33351253975
1!
#33351472975
0!
#33352254000
1!
#33352472975
0!
#33353253975
1!
#33353472975
0!
#33354253975
1!
#33354472975
0!
#33355253975
1!
#33355472975
0!
#33356253975
1!
#33356472975
0!
#33357253975
1!
#33357472975
0!
#33358253975
1!
#33358472975
0!
#33359253975
1!
#33359472975
0!
#33360253975
1!
#33360472975
0!
#33361253975
1!
#33361472975
0!
#33362253975
1!
#33362472975
0!
#33363253975
1!
#33363472975
0!
#33364253975
1!
#33364472975
0!
#33365253975
1!
#33365472975
0!
#33366253975
1!
#33366472975
0!
#33367253975
1!
#33367472975
0!
#33368253975
1!
#33368472975
0!
#33369253975
1!
#33369472975
0!
#33370253975
1!
#33370472975
0!
#33371253975
1!
#33371472975
0!
#33372253975
1!
#33372472975
0!
#33373253975
1!
#33373472975
0!
#33374253975
1!
#33374473000
0!
#33375253975
1!
#33375472975
0!
#33376253975
1!
#33376472975
0!
#33377253975
1!
#33377472975
0!
#33378253975
1!
#33378472975
0!
#33379253975
1!
#33379472975
0!
#33380253975
1!
#33380472975
0!
#33381253975
1!
#33381472975
0!
#33382253975
1!
#33382472975
0!
#33383253975
1!
#33383472975
0!
#33384253975
1!
#33384472975
0!
#33385253975
1!
#33385472975
0!
#33386253975
1!
#33386472975
0!
#33387253975
1!
#33387472975
0!
#33388253975
1!
#33388472975
0!
#33389253975
1!
#33389472975
0!
#33390253975
1!
#33390472975
0!
#33391253975
1!
#33391472975
0!
#33392253975
1!
#33392472975
0!
#33393253975
1!
#33393472975
0!
#33394253975
1!
#33394472975
0!
#33395253975
1!
#33395472975
0!
#33396253975
1!
#33396472975
0!
#33397253975
1!
#33397472975
0!
#33398253975
1!
#33398472975
0!
#33399253975
1!
#33399472975
0!
#33400253975
1!
#33400472975
0!
#33401254000
1!
#33401472975
0!
#33402253975
1!
#33402472975
0!
#33403253975
1!
#33403472975
0!
#33404254000
1!
#33404472975
0!
#33405253975
1!
#33405472975
0!
#33406253975
1!
#33406472975
0!
#33407254000
1!
#33407472975
0!
#33408253975
1!
#33408472975
0!
#33409253975
1!
#33409472975
0!
#33410254000
1!
#33410472975
0!
#33411253975
1!
#33411472975
0!
#33412253975
1!
#33412472975
0!
#33413254000
1!
#33413472975
0!
#33414253975
1!
#33414472975
0!
#33415253975
1!
#33415472975
0!
#33416253975
1!
#33416472975
0!
#33417253975
1!
#33417472975
0!
#33418253975
1!
#33418472975
0!
#33419253975
1!
#33419472975
0!
#33420253975
1!
#33420472975
0!
#33421253975
1!
#33421472975
0!
#33422253975
1!
#33422472975
0!
#33423253975
1!
#33423472975
0!
#33424253975
1!
#33424472975
0!
#33425253975
1!
#33425472975
0!
#33426253975
1!
#33426472975
0!
#33427253975
1!
#33427472975
0!
#33428253975
1!
#33428472975
0!
#33429253975
1!
#33429472975
0!
#33430253975
1!
#33430472975
0!
#33431253975
1!
#33431472975
0!
#33432253975
1!
#33432472975
0!
#33433253975
1!
#33433472975
0!
#33434253975
1!
#33434472975
0!
#33435253975
1!
#33435473000
0!
#33436253975
1!
#33436472975
0!
#33437253975
1!
#33437472975
0!
#33438253975
1!
#33438472975
0!
#33439253975
1!
#33439472975
0!
#33440253975
1!
#33440472975
0!
#33441253975
1!
#33441472975
0!
#33442253975
1!
#33442472975
0!
#33443253975
1!
#33443472975
0!
#33444253975
1!
#33444472975
0!
#33445253975
1!
#33445472975
0!
#33446253975
1!
#33446472975
0!
#33447253975
1!
#33447472975
0!
#33448253975
1!
#33448472975
0!
#33449253975
1!
#33449472975
0!
#33450253975
1!
#33450472975
0!
#33451253975
1!
#33451472975
0!
#33452253975
1!
#33452472975
0!
#33453253975
1!
#33453472975
0!
#33454253975
1!
#33454472975
0!
#33455253975
1!
#33455472975
0!
#33456253975
1!
#33456472975
0!
#33457253975
1!
#33457472975
0!
#33458253975
1!
#33458472975
0!
#33459253975
1!
#33459472975
0!
#33460253975
1!
#33460472975
0!
#33461253975
1!
#33461472975
0!
#33462254000
1!
#33462472975
0!
#33463253975
1!
#33463472975
0!
#33464253975
1!
#33464472975
0!
#33465254000
1!
#33465472975
0!
#33466253975
1!
#33466472975
0!
#33467253975
1!
#33467472975
0!
#33468254000
1!
#33468472975
0!
#33469253975
1!
#33469472975
0!
#33470253975
1!
#33470472975
0!
#33471254000
1!
#33471472975
0!
#33472253975
1!
#33472472975
0!
#33473253975
1!
#33473472975
0!
#33474254000
1!
#33474472975
0!
#33475253975
1!
#33475472975
0!
#33476253975
1!
#33476472975
0!
#33477254000
1!
#33477472975
0!
#33478253975
1!
#33478472975
0!
#33479253975
1!
#33479472975
0!
#33480253975
1!
#33480472975
0!
#33481253975
1!
#33481472975
0!
#33482253975
1!
#33482472975
0!
#33483253975
1!
#33483472975
0!
#33484253975
1!
#33484472975
0!
#33485253975
1!
#33485472975
0!
#33486253975
1!
#33486472975
0!
#33487253975
1!
#33487472975
0!
#33488253975
1!
#33488472975
0!
#33489253975
1!
#33489472975
0!
#33490253975
1!
#33490472975
0!
#33491253975
1!
#33491472975
0!
#33492253975
1!
#33492472975
0!
#33493253975
1!
#33493472975
0!
#33494253975
1!
#33494472975
0!
#33495253975
1!
#33495472975
0!
#33496253975
1!
#33496473000
0!
#33497253975
1!
#33497472975
0!
#33498253975
1!
#33498472975
0!
#33499253975
1!
#33499472975
0!
#33500253975
1!
#33500472975
0!
#33501253975
1!
#33501472975
0!
#33502253975
1!
#33502472975
0!
#33503253975
1!
#33503472975
0!
#33504253975
1!
#33504472975
0!
#33505253975
1!
#33505472975
0!
#33506253975
1!
#33506472975
0!
#33507253975
1!
#33507472975
0!
#33508253975
1!
#33508472975
0!
#33509253975
1!
#33509472975
0!
#33510253975
1!
#33510472975
0!
#33511253975
1!
#33511472975
0!
#33512253975
1!
#33512472975
0!
#33513253975
1!
#33513472975
0!
#33514253975
1!
#33514472975
0!
#33515253975
1!
#33515472975
0!
#33516253975
1!
#33516472975
0!
#33517253975
1!
#33517472975
0!
#33518253975
1!
#33518472975
0!
#33519253975
1!
#33519472975
0!
#33520253975
1!
#33520472975
0!
#33521253975
1!
#33521472975
0!
#33522253975
1!
#33522472975
0!
#33523253975
1!
#33523472975
0!
#33524253975
1!
#33524472975
0!
#33525253975
1!
#33525472975
0!
#33526254000
1!
#33526472975
0!
#33527253975
1!
#33527472975
0!
#33528253975
1!
#33528472975
0!
#33529253975
1!
#33529472975
0!
#33530253975
1!
#33530472975
0!
#33531253975
1!
#33531472975
0!
#33532254000
1!
#33532472975
0!
#33533253975
1!
#33533472975
0!
#33534253975
1!
#33534472975
0!
#33535254000
1!
#33535472975
0!
#33536253975
1!
#33536472975
0!
#33537253975
1!
#33537472975
0!
#33538254000
1!
#33538472975
0!
#33539253975
1!
#33539472975
0!
#33540253975
1!
#33540472975
0!
#33541253975
1!
#33541472975
0!
#33542253975
1!
#33542472975
0!
#33543253975
1!
#33543472975
0!
#33544253975
1!
#33544472975
0!
#33545253975
1!
#33545472975
0!
#33546253975
1!
#33546472975
0!
#33547253975
1!
#33547472975
0!
#33548253975
1!
#33548472975
0!
#33549253975
1!
#33549472975
0!
#33550253975
1!
#33550472975
0!
#33551253975
1!
#33551472975
0!
#33552253975
1!
#33552472975
0!
#33553253975
1!
#33553472975
0!
#33554253975
1!
#33554472975
0!
#33555253975
1!
#33555472975
0!
#33556253975
1!
#33556472975
0!
#33557253975
1!
#33557472975
0!
#33558253975
1!
#33558472975
0!
#33559253975
1!
#33559472975
0!
#33560253975
1!
#33560472975
0!
#33561253975
1!
#33561472975
0!
#33562253975
1!
#33562472975
0!
#33563253975
1!
#33563472975
0!
#33564253975
1!
#33564472975
0!
#33565253975
1!
#33565472975
0!
#33566253975
1!
#33566472975
0!
#33567253975
1!
#33567472975
0!
#33568253975
1!
#33568472975
0!
#33569253975
1!
#33569472975
0!
#33570253975
1!
#33570472975
0!
#33571253975
1!
#33571472975
0!
#33572253975
1!
#33572472975
0!
#33573253975
1!
#33573472975
0!
#33574253975
1!
#33574472975
0!
#33575253975
1!
#33575472975
0!
#33576253975
1!
#33576472975
0!
#33577253975
1!
#33577472975
0!
#33578253975
1!
#33578472975
0!
#33579253975
1!
#33579472975
0!
#33580253975
1!
#33580472975
0!
#33581253975
1!
#33581472975
0!
#33582253975
1!
#33582472975
0!
#33583253975
1!
#33583472975
0!
#33584253975
1!
#33584472975
0!
#33585253975
1!
#33585472975
0!
#33586253975
1!
#33586472975
0!
#33587254000
1!
#33587472975
0!
#33588253975
1!
#33588472975
0!
#33589253975
1!
#33589472975
0!
#33590254000
1!
#33590472975
0!
#33591253975
1!
#33591472975
0!
#33592253975
1!
#33592472975
0!
#33593254000
1!
#33593472975
0!
#33594253975
1!
#33594472975
0!
#33595253975
1!
#33595472975
0!
#33596254000
1!
#33596472975
0!
#33597253975
1!
#33597472975
0!
#33598253975
1!
#33598472975
0!
#33599254000
1!
#33599472975
0!
#33600253975
1!
#33600472975
0!
#33601253975
1!
#33601472975
0!
#33602254000
1!
#33602472975
0!
#33603253975
1!
#33603472975
0!
#33604253975
1!
#33604472975
0!
#33605253975
1!
#33605472975
0!
#33606253975
1!
#33606472975
0!
#33607253975
1!
#33607472975
0!
#33608253975
1!
#33608472975
0!
#33609253975
1!
#33609472975
0!
#33610253975
1!
#33610472975
0!
#33611253975
1!
#33611472975
0!
#33612253975
1!
#33612472975
0!
#33613253975
1!
#33613472975
0!
#33614253975
1!
#33614472975
0!
#33615253975
1!
#33615472975
0!
#33616253975
1!
#33616472975
0!
#33617253975
1!
#33617472975
0!
#33618253975
1!
#33618472975
0!
#33619253975
1!
#33619472975
0!
#33620253975
1!
#33620472975
0!
#33621253975
1!
#33621472975
0!
#33622253975
1!
#33622472975
0!
#33623253975
1!
#33623472975
0!
#33624253975
1!
#33624472975
0!
#33625253975
1!
#33625472975
0!
#33626253975
1!
#33626472975
0!
#33627253975
1!
#33627472975
0!
#33628253975
1!
#33628472975
0!
#33629253975
1!
#33629472975
0!
#33630253975
1!
#33630472975
0!
#33631253975
1!
#33631472975
0!
#33632253975
1!
#33632472975
0!
#33633253975
1!
#33633472975
0!
#33634253975
1!
#33634472975
0!
#33635253975
1!
#33635472975
0!
#33636253975
1!
#33636472975
0!
#33637253975
1!
#33637472975
0!
#33638253975
1!
#33638472975
0!
#33639253975
1!
#33639472975
0!
#33640253975
1!
#33640472975
0!
#33641253975
1!
#33641472975
0!
#33642253975
1!
#33642472975
0!
#33643253975
1!
#33643472975
0!
#33644253975
1!
#33644472975
0!
#33645253975
1!
#33645472975
0!
#33646253975
1!
#33646472975
0!
#33647253975
1!
#33647472975
0!
#33648253975
1!
#33648472975
0!
#33649253975
1!
#33649472975
0!
#33650253975
1!
#33650472975
0!
#33651254000
1!
#33651472975
0!
#33652253975
1!
#33652472975
0!
#33653253975
1!
#33653472975
0!
#33654254000
1!
#33654472975
0!
#33655253975
1!
#33655472975
0!
#33656253975
1!
#33656472975
0!
#33657254000
1!
#33657472975
0!
#33658253975
1!
#33658472975
0!
#33659253975
1!
#33659472975
0!
#33660254000
1!
#33660472975
0!
#33661253975
1!
#33661472975
0!
#33662253975
1!
#33662472975
0!
#33663254000
1!
#33663472975
0!
#33664253975
1!
#33664472975
0!
#33665253975
1!
#33665472975
0!
#33666253975
1!
#33666472975
0!
#33667253975
1!
#33667472975
0!
#33668253975
1!
#33668472975
0!
#33669253975
1!
#33669472975
0!
#33670253975
1!
#33670472975
0!
#33671253975
1!
#33671472975
0!
#33672253975
1!
#33672472975
0!
#33673253975
1!
#33673472975
0!
#33674253975
1!
#33674472975
0!
#33675253975
1!
#33675472975
0!
#33676253975
1!
#33676472975
0!
#33677253975
1!
#33677472975
0!
#33678253975
1!
#33678472975
0!
#33679253975
1!
#33679472975
0!
#33680253975
1!
#33680472975
0!
#33681253975
1!
#33681472975
0!
#33682253975
1!
#33682472975
0!
#33683253975
1!
#33683472975
0!
#33684253975
1!
#33684472975
0!
#33685253975
1!
#33685472975
0!
#33686253975
1!
#33686472975
0!
#33687253975
1!
#33687472975
0!
#33688253975
1!
#33688472975
0!
#33689253975
1!
#33689472975
0!
#33690253975
1!
#33690472975
0!
#33691253975
1!
#33691472975
0!
#33692253975
1!
#33692472975
0!
#33693253975
1!
#33693472975
0!
#33694253975
1!
#33694472975
0!
#33695253975
1!
#33695472975
0!
#33696253975
1!
#33696472975
0!
#33697253975
1!
#33697472975
0!
#33698253975
1!
#33698472975
0!
#33699253975
1!
#33699472975
0!
#33700253975
1!
#33700472975
0!
#33701253975
1!
#33701472975
0!
#33702253975
1!
#33702472975
0!
#33703253975
1!
#33703472975
0!
#33704253975
1!
#33704472975
0!
#33705253975
1!
#33705472975
0!
#33706253975
1!
#33706472975
0!
#33707253975
1!
#33707472975
0!
#33708253975
1!
#33708472975
0!
#33709253975
1!
#33709472975
0!
#33710253975
1!
#33710472975
0!
#33711253975
1!
#33711472975
0!
#33712254000
1!
#33712472975
0!
#33713253975
1!
#33713472975
0!
#33714253975
1!
#33714472975
0!
#33715254000
1!
#33715472975
0!
#33716253975
1!
#33716472975
0!
#33717253975
1!
#33717472975
0!
#33718254000
1!
#33718472975
0!
#33719253975
1!
#33719472975
0!
#33720253975
1!
#33720472975
0!
#33721253975
1!
#33721472975
0!
#33722253975
1!
#33722472975
0!
#33723253975
1!
#33723472975
0!
#33724254000
1!
#33724472975
0!
#33725253975
1!
#33725472975
0!
#33726253975
1!
#33726472975
0!
#33727254000
1!
#33727472975
0!
#33728253975
1!
#33728472975
0!
#33729253975
1!
#33729472975
0!
#33730253975
1!
#33730472975
0!
#33731253975
1!
#33731472975
0!
#33732253975
1!
#33732472975
0!
#33733253975
1!
#33733472975
0!
#33734253975
1!
#33734472975
0!
#33735253975
1!
#33735472975
0!
#33736253975
1!
#33736472975
0!
#33737253975
1!
#33737472975
0!
#33738253975
1!
#33738472975
0!
#33739253975
1!
#33739472975
0!
#33740253975
1!
#33740472975
0!
#33741253975
1!
#33741472975
0!
#33742253975
1!
#33742472975
0!
#33743253975
1!
#33743472975
0!
#33744253975
1!
#33744472975
0!
#33745253975
1!
#33745472975
0!
#33746253975
1!
#33746472975
0!
#33747253975
1!
#33747472975
0!
#33748253975
1!
#33748472975
0!
#33749253975
1!
#33749472975
0!
#33750253975
1!
#33750472975
0!
#33751253975
1!
#33751472975
0!
#33752253975
1!
#33752472975
0!
#33753253975
1!
#33753472975
0!
#33754253975
1!
#33754472975
0!
#33755253975
1!
#33755472975
0!
#33756253975
1!
#33756472975
0!
#33757253975
1!
#33757472975
0!
#33758253975
1!
#33758472975
0!
#33759253975
1!
#33759472975
0!
#33760253975
1!
#33760472975
0!
#33761253975
1!
#33761472975
0!
#33762253975
1!
#33762472975
0!
#33763253975
1!
#33763472975
0!
#33764253975
1!
#33764472975
0!
#33765253975
1!
#33765472975
0!
#33766253975
1!
#33766472975
0!
#33767253975
1!
#33767472975
0!
#33768253975
1!
#33768472975
0!
#33769253975
1!
#33769472975
0!
#33770253975
1!
#33770472975
0!
#33771253975
1!
#33771472975
0!
#33772253975
1!
#33772472975
0!
#33773253975
1!
#33773472975
0!
#33774253975
1!
#33774472975
0!
#33775253975
1!
#33775472975
0!
#33776254000
1!
#33776472975
0!
#33777253975
1!
#33777472975
0!
#33778253975
1!
#33778472975
0!
#33779254000
1!
#33779472975
0!
#33780253975
1!
#33780472975
0!
#33781253975
1!
#33781472975
0!
#33782254000
1!
#33782472975
0!
#33783253975
1!
#33783472975
0!
#33784253975
1!
#33784472975
0!
#33785254000
1!
#33785472975
0!
#33786253975
1!
#33786472975
0!
#33787253975
1!
#33787472975
0!
#33788254000
1!
#33788472975
0!
#33789253975
1!
#33789472975
0!
#33790253975
1!
#33790472975
0!
#33791253975
1!
#33791472975
0!
#33792253975
1!
#33792472975
0!
#33793253975
1!
#33793472975
0!
#33794253975
1!
#33794472975
0!
#33795253975
1!
#33795472975
0!
#33796253975
1!
#33796472975
0!
#33797253975
1!
#33797472975
0!
#33798253975
1!
#33798472975
0!
#33799253975
1!
#33799472975
0!
#33800253975
1!
#33800472975
0!
#33801253975
1!
#33801472975
0!
#33802253975
1!
#33802472975
0!
#33803253975
1!
#33803472975
0!
#33804253975
1!
#33804473000
0!
#33805253975
1!
#33805472975
0!
#33806253975
1!
#33806472975
0!
#33807253975
1!
#33807472975
0!
#33808253975
1!
#33808472975
0!
#33809253975
1!
#33809472975
0!
#33810253975
1!
#33810472975
0!
#33811253975
1!
#33811472975
0!
#33812253975
1!
#33812472975
0!
#33813253975
1!
#33813472975
0!
#33814253975
1!
#33814472975
0!
#33815253975
1!
#33815472975
0!
#33816253975
1!
#33816472975
0!
#33817253975
1!
#33817472975
0!
#33818253975
1!
#33818472975
0!
#33819253975
1!
#33819472975
0!
#33820253975
1!
#33820472975
0!
#33821253975
1!
#33821472975
0!
#33822253975
1!
#33822472975
0!
#33823253975
1!
#33823472975
0!
#33824253975
1!
#33824472975
0!
#33825253975
1!
#33825472975
0!
#33826253975
1!
#33826472975
0!
#33827253975
1!
#33827472975
0!
#33828253975
1!
#33828472975
0!
#33829253975
1!
#33829472975
0!
#33830253975
1!
#33830472975
0!
#33831253975
1!
#33831472975
0!
#33832253975
1!
#33832472975
0!
#33833253975
1!
#33833472975
0!
#33834253975
1!
#33834472975
0!
#33835253975
1!
#33835472975
0!
#33836253975
1!
#33836472975
0!
#33837254000
1!
#33837472975
0!
#33838253975
1!
#33838472975
0!
#33839253975
1!
#33839472975
0!
#33840254000
1!
#33840472975
0!
#33841253975
1!
#33841472975
0!
#33842253975
1!
#33842472975
0!
#33843254000
1!
#33843472975
0!
#33844253975
1!
#33844472975
0!
#33845253975
1!
#33845472975
0!
#33846254000
1!
#33846472975
0!
#33847253975
1!
#33847472975
0!
#33848253975
1!
#33848472975
0!
#33849254000
1!
#33849472975
0!
#33850253975
1!
#33850472975
0!
#33851253975
1!
#33851472975
0!
#33852254000
1!
#33852472975
0!
#33853253975
1!
#33853472975
0!
#33854253975
1!
#33854472975
0!
#33855253975
1!
#33855472975
0!
#33856253975
1!
#33856472975
0!
#33857253975
1!
#33857472975
0!
#33858253975
1!
#33858472975
0!
#33859253975
1!
#33859472975
0!
#33860253975
1!
#33860472975
0!
#33861253975
1!
#33861472975
0!
#33862253975
1!
#33862472975
0!
#33863253975
1!
#33863472975
0!
#33864253975
1!
#33864472975
0!
#33865253975
1!
#33865472975
0!
#33866253975
1!
#33866472975
0!
#33867253975
1!
#33867472975
0!
#33868253975
1!
#33868472975
0!
#33869253975
1!
#33869472975
0!
#33870253975
1!
#33870472975
0!
#33871253975
1!
#33871472975
0!
#33872253975
1!
#33872472975
0!
#33873253975
1!
#33873472975
0!
#33874253975
1!
#33874472975
0!
#33875253975
1!
#33875472975
0!
#33876253975
1!
#33876472975
0!
#33877253975
1!
#33877473000
0!
#33878253975
1!
#33878472975
0!
#33879253975
1!
#33879472975
0!
#33880253975
1!
#33880472975
0!
#33881253975
1!
#33881472975
0!
#33882253975
1!
#33882472975
0!
#33883253975
1!
#33883472975
0!
#33884253975
1!
#33884472975
0!
#33885253975
1!
#33885472975
0!
#33886253975
1!
#33886472975
0!
#33887253975
1!
#33887472975
0!
#33888253975
1!
#33888472975
0!
#33889253975
1!
#33889472975
0!
#33890253975
1!
#33890472975
0!
#33891253975
1!
#33891472975
0!
#33892253975
1!
#33892472975
0!
#33893253975
1!
#33893472975
0!
#33894253975
1!
#33894472975
0!
#33895253975
1!
#33895472975
0!
#33896253975
1!
#33896472975
0!
#33897253975
1!
#33897472975
0!
#33898253975
1!
#33898472975
0!
#33899253975
1!
#33899472975
0!
#33900253975
1!
#33900472975
0!
#33901254000
1!
#33901472975
0!
#33902253975
1!
#33902472975
0!
#33903253975
1!
#33903472975
0!
#33904254000
1!
#33904472975
0!
#33905253975
1!
#33905472975
0!
#33906253975
1!
#33906472975
0!
#33907254000
1!
#33907472975
0!
#33908253975
1!
#33908472975
0!
#33909253975
1!
#33909472975
0!
#33910254000
1!
#33910472975
0!
#33911253975
1!
#33911472975
0!
#33912253975
1!
#33912472975
0!
#33913254000
1!
#33913472975
0!
#33914253975
1!
#33914472975
0!
#33915253975
1!
#33915472975
0!
#33916253975
1!
#33916472975
0!
#33917253975
1!
#33917472975
0!
#33918253975
1!
#33918472975
0!
#33919253975
1!
#33919472975
0!
#33920253975
1!
#33920472975
0!
#33921253975
1!
#33921472975
0!
#33922253975
1!
#33922472975
0!
#33923253975
1!
#33923472975
0!
#33924253975
1!
#33924472975
0!
#33925253975
1!
#33925472975
0!
#33926253975
1!
#33926472975
0!
#33927253975
1!
#33927472975
0!
#33928253975
1!
#33928472975
0!
#33929253975
1!
#33929473000
0!
#33930253975
1!
#33930472975
0!
#33931253975
1!
#33931472975
0!
#33932253975
1!
#33932472975
0!
#33933253975
1!
#33933472975
0!
#33934253975
1!
#33934472975
0!
#33935253975
1!
#33935472975
0!
#33936253975
1!
#33936472975
0!
#33937253975
1!
#33937472975
0!
#33938253975
1!
#33938472975
0!
#33939253975
1!
#33939472975
0!
#33940253975
1!
#33940472975
0!
#33941253975
1!
#33941473000
0!
#33942253975
1!
#33942472975
0!
#33943253975
1!
#33943472975
0!
#33944253975
1!
#33944472975
0!
#33945253975
1!
#33945472975
0!
#33946253975
1!
#33946472975
0!
#33947253975
1!
#33947472975
0!
#33948253975
1!
#33948472975
0!
#33949253975
1!
#33949472975
0!
#33950253975
1!
#33950472975
0!
#33951253975
1!
#33951472975
0!
#33952253975
1!
#33952472975
0!
#33953253975
1!
#33953472975
0!
#33954253975
1!
#33954472975
0!
#33955253975
1!
#33955472975
0!
#33956253975
1!
#33956472975
0!
#33957253975
1!
#33957472975
0!
#33958253975
1!
#33958472975
0!
#33959253975
1!
#33959472975
0!
#33960253975
1!
#33960472975
0!
#33961253975
1!
#33961472975
0!
#33962254000
1!
#33962472975
0!
#33963253975
1!
#33963472975
0!
#33964253975
1!
#33964472975
0!
#33965254000
1!
#33965472975
0!
#33966253975
1!
#33966472975
0!
#33967253975
1!
#33967472975
0!
#33968254000
1!
#33968472975
0!
#33969253975
1!
#33969472975
0!
#33970253975
1!
#33970472975
0!
#33971254000
1!
#33971472975
0!
#33972253975
1!
#33972472975
0!
#33973253975
1!
#33973472975
0!
#33974254000
1!
#33974472975
0!
#33975253975
1!
#33975472975
0!
#33976253975
1!
#33976472975
0!
#33977254000
1!
#33977472975
0!
#33978253975
1!
#33978472975
0!
#33979253975
1!
#33979472975
0!
#33980253975
1!
#33980472975
0!
#33981253975
1!
#33981472975
0!
#33982253975
1!
#33982472975
0!
#33983253975
1!
#33983472975
0!
#33984253975
1!
#33984472975
0!
#33985253975
1!
#33985472975
0!
#33986253975
1!
#33986472975
0!
#33987253975
1!
#33987472975
0!
#33988253975
1!
#33988472975
0!
#33989253975
1!
#33989472975
0!
#33990253975
1!
#33990472975
0!
#33991253975
1!
#33991472975
0!
#33992253975
1!
#33992472975
0!
#33993253975
1!
#33993473000
0!
#33994253975
1!
#33994472975
0!
#33995253975
1!
#33995472975
0!
#33996253975
1!
#33996472975
0!
#33997253975
1!
#33997472975
0!
#33998253975
1!
#33998472975
0!
#33999253975
1!
#33999472975
0!
#34000253975
1!
#34000472975
0!
#34001253975
1!
#34001472975
0!
#34002253975
1!
#34002472975
0!
#34003253975
1!
#34003472975
0!
#34004253975
1!
#34004472975
0!
#34005253975
1!
#34005473000
0!
#34006253975
1!
#34006472975
0!
#34007253975
1!
#34007472975
0!
#34008253975
1!
#34008472975
0!
#34009253975
1!
#34009472975
0!
#34010253975
1!
#34010472975
0!
#34011253975
1!
#34011472975
0!
#34012253975
1!
#34012472975
0!
#34013253975
1!
#34013472975
0!
#34014253975
1!
#34014472975
0!
#34015253975
1!
#34015472975
0!
#34016253975
1!
#34016472975
0!
#34017253975
1!
#34017472975
0!
#34018253975
1!
#34018472975
0!
#34019253975
1!
#34019472975
0!
#34020253975
1!
#34020472975
0!
#34021253975
1!
#34021472975
0!
#34022253975
1!
#34022472975
0!
#34023253975
1!
#34023472975
0!
#34024253975
1!
#34024472975
0!
#34025253975
1!
#34025472975
0!
#34026254000
1!
#34026472975
0!
#34027253975
1!
#34027472975
0!
#34028253975
1!
#34028472975
0!
#34029254000
1!
#34029472975
0!
#34030253975
1!
#34030472975
0!
#34031253975
1!
#34031472975
0!
#34032254000
1!
#34032472975
0!
#34033253975
1!
#34033472975
0!
#34034253975
1!
#34034472975
0!
#34035254000
1!
#34035472975
0!
#34036253975
1!
#34036472975
0!
#34037253975
1!
#34037472975
0!
#34038254000
1!
#34038472975
0!
#34039253975
1!
#34039472975
0!
#34040253975
1!
#34040472975
0!
#34041253975
1!
#34041472975
0!
#34042253975
1!
#34042472975
0!
#34043253975
1!
#34043472975
0!
#34044253975
1!
#34044472975
0!
#34045253975
1!
#34045472975
0!
#34046253975
1!
#34046472975
0!
#34047253975
1!
#34047472975
0!
#34048253975
1!
#34048472975
0!
#34049253975
1!
#34049472975
0!
#34050253975
1!
#34050472975
0!
#34051253975
1!
#34051472975
0!
#34052253975
1!
#34052472975
0!
#34053253975
1!
#34053472975
0!
#34054253975
1!
#34054472975
0!
#34055253975
1!
#34055472975
0!
#34056253975
1!
#34056472975
0!
#34057253975
1!
#34057473000
0!
#34058253975
1!
#34058472975
0!
#34059253975
1!
#34059472975
0!
#34060253975
1!
#34060472975
0!
#34061253975
1!
#34061472975
0!
#34062253975
1!
#34062472975
0!
#34063253975
1!
#34063472975
0!
#34064253975
1!
#34064472975
0!
#34065253975
1!
#34065472975
0!
#34066253975
1!
#34066472975
0!
#34067253975
1!
#34067472975
0!
#34068253975
1!
#34068472975
0!
#34069253975
1!
#34069472975
0!
#34070253975
1!
#34070472975
0!
#34071253975
1!
#34071472975
0!
#34072253975
1!
#34072472975
0!
#34073253975
1!
#34073472975
0!
#34074253975
1!
#34074472975
0!
#34075253975
1!
#34075472975
0!
#34076253975
1!
#34076472975
0!
#34077253975
1!
#34077472975
0!
#34078253975
1!
#34078472975
0!
#34079253975
1!
#34079472975
0!
#34080253975
1!
#34080472975
0!
#34081253975
1!
#34081472975
0!
#34082253975
1!
#34082472975
0!
#34083253975
1!
#34083472975
0!
#34084253975
1!
#34084472975
0!
#34085253975
1!
#34085472975
0!
#34086253975
1!
#34086472975
0!
#34087254000
1!
#34087472975
0!
#34088253975
1!
#34088472975
0!
#34089253975
1!
#34089472975
0!
#34090254000
1!
#34090472975
0!
#34091253975
1!
#34091472975
0!
#34092253975
1!
#34092472975
0!
#34093254000
1!
#34093472975
0!
#34094253975
1!
#34094472975
0!
#34095253975
1!
#34095472975
0!
#34096254000
1!
#34096472975
0!
#34097253975
1!
#34097472975
0!
#34098253975
1!
#34098472975
0!
#34099254000
1!
#34099472975
0!
#34100253975
1!
#34100472975
0!
#34101253975
1!
#34101472975
0!
#34102254000
1!
#34102472975
0!
#34103253975
1!
#34103472975
0!
#34104253975
1!
#34104472975
0!
#34105253975
1!
#34105472975
0!
#34106253975
1!
#34106472975
0!
#34107253975
1!
#34107472975
0!
#34108253975
1!
#34108472975
0!
#34109253975
1!
#34109472975
0!
#34110253975
1!
#34110472975
0!
#34111253975
1!
#34111472975
0!
#34112253975
1!
#34112472975
0!
#34113253975
1!
#34113472975
0!
#34114253975
1!
#34114472975
0!
#34115253975
1!
#34115472975
0!
#34116253975
1!
#34116472975
0!
#34117253975
1!
#34117472975
0!
#34118253975
1!
#34118472975
0!
#34119253975
1!
#34119472975
0!
#34120253975
1!
#34120472975
0!
#34121253975
1!
#34121473000
0!
#34122253975
1!
#34122472975
0!
#34123253975
1!
#34123472975
0!
#34124253975
1!
#34124472975
0!
#34125253975
1!
#34125472975
0!
#34126253975
1!
#34126472975
0!
#34127253975
1!
#34127472975
0!
#34128253975
1!
#34128472975
0!
#34129253975
1!
#34129472975
0!
#34130253975
1!
#34130472975
0!
#34131253975
1!
#34131472975
0!
#34132253975
1!
#34132472975
0!
#34133253975
1!
#34133472975
0!
#34134253975
1!
#34134472975
0!
#34135253975
1!
#34135472975
0!
#34136253975
1!
#34136472975
0!
#34137253975
1!
#34137472975
0!
#34138253975
1!
#34138472975
0!
#34139253975
1!
#34139472975
0!
#34140253975
1!
#34140472975
0!
#34141253975
1!
#34141472975
0!
#34142253975
1!
#34142472975
0!
#34143253975
1!
#34143472975
0!
#34144253975
1!
#34144472975
0!
#34145253975
1!
#34145472975
0!
#34146253975
1!
#34146472975
0!
#34147253975
1!
#34147472975
0!
#34148253975
1!
#34148472975
0!
#34149253975
1!
#34149472975
0!
#34150253975
1!
#34150472975
0!
#34151254000
1!
#34151472975
0!
#34152253975
1!
#34152472975
0!
#34153253975
1!
#34153472975
0!
#34154254000
1!
#34154472975
0!
#34155253975
1!
#34155472975
0!
#34156253975
1!
#34156472975
0!
#34157254000
1!
#34157472975
0!
#34158253975
1!
#34158472975
0!
#34159253975
1!
#34159472975
0!
#34160254000
1!
#34160472975
0!
#34161253975
1!
#34161472975
0!
#34162253975
1!
#34162472975
0!
#34163254000
1!
#34163472975
0!
#34164253975
1!
#34164472975
0!
#34165253975
1!
#34165472975
0!
#34166253975
1!
#34166472975
0!
#34167253975
1!
#34167472975
0!
#34168253975
1!
#34168472975
0!
#34169253975
1!
#34169472975
0!
#34170253975
1!
#34170472975
0!
#34171253975
1!
#34171472975
0!
#34172253975
1!
#34172472975
0!
#34173253975
1!
#34173472975
0!
#34174253975
1!
#34174472975
0!
#34175253975
1!
#34175472975
0!
#34176253975
1!
#34176472975
0!
#34177253975
1!
#34177472975
0!
#34178253975
1!
#34178472975
0!
#34179253975
1!
#34179472975
0!
#34180253975
1!
#34180472975
0!
#34181253975
1!
#34181472975
0!
#34182253975
1!
#34182473000
0!
#34183253975
1!
#34183472975
0!
#34184253975
1!
#34184472975
0!
#34185253975
1!
#34185472975
0!
#34186253975
1!
#34186472975
0!
#34187253975
1!
#34187472975
0!
#34188253975
1!
#34188472975
0!
#34189253975
1!
#34189472975
0!
#34190253975
1!
#34190472975
0!
#34191253975
1!
#34191472975
0!
#34192253975
1!
#34192472975
0!
#34193253975
1!
#34193472975
0!
#34194253975
1!
#34194472975
0!
#34195253975
1!
#34195472975
0!
#34196253975
1!
#34196472975
0!
#34197253975
1!
#34197472975
0!
#34198253975
1!
#34198472975
0!
#34199253975
1!
#34199472975
0!
#34200253975
1!
#34200472975
0!
#34201253975
1!
#34201472975
0!
#34202253975
1!
#34202472975
0!
#34203253975
1!
#34203472975
0!
#34204253975
1!
#34204472975
0!
#34205253975
1!
#34205472975
0!
#34206253975
1!
#34206472975
0!
#34207253975
1!
#34207472975
0!
#34208253975
1!
#34208472975
0!
#34209253975
1!
#34209472975
0!
#34210253975
1!
#34210472975
0!
#34211253975
1!
#34211472975
0!
#34212254000
1!
#34212472975
0!
#34213253975
1!
#34213472975
0!
#34214253975
1!
#34214472975
0!
#34215254000
1!
#34215472975
0!
#34216253975
1!
#34216472975
0!
#34217253975
1!
#34217472975
0!
#34218254000
1!
#34218472975
0!
#34219253975
1!
#34219472975
0!
#34220253975
1!
#34220472975
0!
#34221254000
1!
#34221472975
0!
#34222253975
1!
#34222472975
0!
#34223253975
1!
#34223472975
0!
#34224254000
1!
#34224472975
0!
#34225253975
1!
#34225472975
0!
#34226253975
1!
#34226472975
0!
#34227254000
1!
#34227472975
0!
#34228253975
1!
#34228472975
0!
#34229253975
1!
#34229472975
0!
#34230253975
1!
#34230472975
0!
#34231253975
1!
#34231472975
0!
#34232253975
1!
#34232472975
0!
#34233253975
1!
#34233472975
0!
#34234253975
1!
#34234472975
0!
#34235253975
1!
#34235472975
0!
#34236253975
1!
#34236472975
0!
#34237253975
1!
#34237472975
0!
#34238253975
1!
#34238472975
0!
#34239253975
1!
#34239472975
0!
#34240253975
1!
#34240472975
0!
#34241253975
1!
#34241472975
0!
#34242253975
1!
#34242472975
0!
#34243253975
1!
#34243472975
0!
#34244253975
1!
#34244472975
0!
#34245253975
1!
#34245472975
0!
#34246253975
1!
#34246472975
0!
#34247253975
1!
#34247472975
0!
#34248253975
1!
#34248472975
0!
#34249253975
1!
#34249472975
0!
#34250253975
1!
#34250472975
0!
#34251253975
1!
#34251472975
0!
#34252253975
1!
#34252472975
0!
#34253253975
1!
#34253472975
0!
#34254253975
1!
#34254472975
0!
#34255253975
1!
#34255473000
0!
#34256253975
1!
#34256472975
0!
#34257253975
1!
#34257472975
0!
#34258253975
1!
#34258472975
0!
#34259253975
1!
#34259472975
0!
#34260253975
1!
#34260472975
0!
#34261253975
1!
#34261472975
0!
#34262253975
1!
#34262472975
0!
#34263253975
1!
#34263472975
0!
#34264253975
1!
#34264472975
0!
#34265253975
1!
#34265472975
0!
#34266253975
1!
#34266472975
0!
#34267253975
1!
#34267472975
0!
#34268253975
1!
#34268472975
0!
#34269253975
1!
#34269472975
0!
#34270253975
1!
#34270472975
0!
#34271253975
1!
#34271472975
0!
#34272253975
1!
#34272472975
0!
#34273253975
1!
#34273472975
0!
#34274253975
1!
#34274472975
0!
#34275253975
1!
#34275472975
0!
#34276254000
1!
#34276472975
0!
#34277253975
1!
#34277472975
0!
#34278253975
1!
#34278472975
0!
#34279254000
1!
#34279472975
0!
#34280253975
1!
#34280472975
0!
#34281253975
1!
#34281472975
0!
#34282254000
1!
#34282472975
0!
#34283253975
1!
#34283472975
0!
#34284253975
1!
#34284472975
0!
#34285253975
1!
#34285472975
0!
#34286253975
1!
#34286472975
0!
#34287253975
1!
#34287472975
0!
#34288254000
1!
#34288472975
0!
#34289253975
1!
#34289472975
0!
#34290253975
1!
#34290472975
0!
#34291253975
1!
#34291472975
0!
#34292253975
1!
#34292472975
0!
#34293253975
1!
#34293472975
0!
#34294253975
1!
#34294472975
0!
#34295253975
1!
#34295472975
0!
#34296253975
1!
#34296472975
0!
#34297253975
1!
#34297472975
0!
#34298253975
1!
#34298472975
0!
#34299253975
1!
#34299472975
0!
#34300253975
1!
#34300472975
0!
#34301253975
1!
#34301472975
0!
#34302253975
1!
#34302472975
0!
#34303253975
1!
#34303472975
0!
#34304253975
1!
#34304472975
0!
#34305253975
1!
#34305472975
0!
#34306253975
1!
#34306472975
0!
#34307253975
1!
#34307472975
0!
#34308253975
1!
#34308472975
0!
#34309253975
1!
#34309472975
0!
#34310253975
1!
#34310472975
0!
#34311253975
1!
#34311472975
0!
#34312253975
1!
#34312472975
0!
#34313253975
1!
#34313472975
0!
#34314253975
1!
#34314472975
0!
#34315253975
1!
#34315472975
0!
#34316253975
1!
#34316473000
0!
#34317253975
1!
#34317472975
0!
#34318253975
1!
#34318472975
0!
#34319253975
1!
#34319472975
0!
#34320253975
1!
#34320472975
0!
#34321253975
1!
#34321472975
0!
#34322253975
1!
#34322472975
0!
#34323253975
1!
#34323472975
0!
#34324253975
1!
#34324472975
0!
#34325253975
1!
#34325472975
0!
#34326253975
1!
#34326472975
0!
#34327253975
1!
#34327472975
0!
#34328253975
1!
#34328472975
0!
#34329253975
1!
#34329472975
0!
#34330253975
1!
#34330472975
0!
#34331253975
1!
#34331472975
0!
#34332253975
1!
#34332472975
0!
#34333253975
1!
#34333472975
0!
#34334253975
1!
#34334472975
0!
#34335253975
1!
#34335472975
0!
#34336253975
1!
#34336472975
0!
#34337254000
1!
#34337472975
0!
#34338253975
1!
#34338472975
0!
#34339253975
1!
#34339472975
0!
#34340254000
1!
#34340472975
0!
#34341253975
1!
#34341472975
0!
#34342253975
1!
#34342472975
0!
#34343254000
1!
#34343472975
0!
#34344253975
1!
#34344472975
0!
#34345253975
1!
#34345472975
0!
#34346254000
1!
#34346472975
0!
#34347253975
1!
#34347472975
0!
#34348253975
1!
#34348472975
0!
#34349254000
1!
#34349472975
0!
#34350253975
1!
#34350472975
0!
#34351253975
1!
#34351472975
0!
#34352254000
1!
#34352472975
0!
#34353253975
1!
#34353472975
0!
#34354253975
1!
#34354472975
0!
#34355253975
1!
#34355472975
0!
#34356253975
1!
#34356472975
0!
#34357253975
1!
#34357472975
0!
#34358253975
1!
#34358472975
0!
#34359253975
1!
#34359472975
0!
#34360253975
1!
#34360472975
0!
#34361253975
1!
#34361472975
0!
#34362253975
1!
#34362472975
0!
#34363253975
1!
#34363472975
0!
#34364253975
1!
#34364472975
0!
#34365253975
1!
#34365472975
0!
#34366253975
1!
#34366472975
0!
#34367253975
1!
#34367472975
0!
#34368253975
1!
#34368472975
0!
#34369253975
1!
#34369472975
0!
#34370253975
1!
#34370472975
0!
#34371253975
1!
#34371472975
0!
#34372253975
1!
#34372472975
0!
#34373253975
1!
#34373472975
0!
#34374253975
1!
#34374472975
0!
#34375253975
1!
#34375472975
0!
#34376253975
1!
#34376472975
0!
#34377253975
1!
#34377472975
0!
#34378253975
1!
#34378472975
0!
#34379253975
1!
#34379472975
0!
#34380253975
1!
#34380472975
0!
#34381253975
1!
#34381472975
0!
#34382253975
1!
#34382472975
0!
#34383253975
1!
#34383472975
0!
#34384253975
1!
#34384472975
0!
#34385253975
1!
#34385472975
0!
#34386253975
1!
#34386472975
0!
#34387253975
1!
#34387472975
0!
#34388253975
1!
#34388472975
0!
#34389253975
1!
#34389472975
0!
#34390253975
1!
#34390472975
0!
#34391253975
1!
#34391472975
0!
#34392253975
1!
#34392472975
0!
#34393253975
1!
#34393472975
0!
#34394253975
1!
#34394472975
0!
#34395253975
1!
#34395472975
0!
#34396253975
1!
#34396472975
0!
#34397253975
1!
#34397472975
0!
#34398253975
1!
#34398472975
0!
#34399253975
1!
#34399472975
0!
#34400253975
1!
#34400472975
0!
#34401254000
1!
#34401472975
0!
#34402253975
1!
#34402472975
0!
#34403253975
1!
#34403472975
0!
#34404254000
1!
#34404472975
0!
#34405253975
1!
#34405472975
0!
#34406253975
1!
#34406472975
0!
#34407254000
1!
#34407472975
0!
#34408253975
1!
#34408472975
0!
#34409253975
1!
#34409472975
0!
#34410254000
1!
#34410472975
0!
#34411253975
1!
#34411472975
0!
#34412253975
1!
#34412472975
0!
#34413254000
1!
#34413472975
0!
#34414253975
1!
#34414472975
0!
#34415253975
1!
#34415472975
0!
#34416253975
1!
#34416472975
0!
#34417253975
1!
#34417472975
0!
#34418253975
1!
#34418472975
0!
#34419253975
1!
#34419472975
0!
#34420253975
1!
#34420472975
0!
#34421253975
1!
#34421472975
0!
#34422253975
1!
#34422472975
0!
#34423253975
1!
#34423472975
0!
#34424253975
1!
#34424472975
0!
#34425253975
1!
#34425472975
0!
#34426253975
1!
#34426472975
0!
#34427253975
1!
#34427472975
0!
#34428253975
1!
#34428472975
0!
#34429253975
1!
#34429472975
0!
#34430253975
1!
#34430472975
0!
#34431253975
1!
#34431472975
0!
#34432253975
1!
#34432472975
0!
#34433253975
1!
#34433472975
0!
#34434253975
1!
#34434472975
0!
#34435253975
1!
#34435472975
0!
#34436253975
1!
#34436472975
0!
#34437253975
1!
#34437472975
0!
#34438253975
1!
#34438472975
0!
#34439253975
1!
#34439472975
0!
#34440253975
1!
#34440472975
0!
#34441253975
1!
#34441472975
0!
#34442253975
1!
#34442472975
0!
#34443253975
1!
#34443472975
0!
#34444253975
1!
#34444472975
0!
#34445253975
1!
#34445472975
0!
#34446253975
1!
#34446472975
0!
#34447253975
1!
#34447472975
0!
#34448253975
1!
#34448472975
0!
#34449253975
1!
#34449472975
0!
#34450253975
1!
#34450472975
0!
#34451253975
1!
#34451472975
0!
#34452253975
1!
#34452472975
0!
#34453253975
1!
#34453472975
0!
#34454253975
1!
#34454472975
0!
#34455253975
1!
#34455472975
0!
#34456253975
1!
#34456472975
0!
#34457253975
1!
#34457472975
0!
#34458253975
1!
#34458472975
0!
#34459253975
1!
#34459472975
0!
#34460253975
1!
#34460472975
0!
#34461253975
1!
#34461472975
0!
#34462254000
1!
#34462472975
0!
#34463253975
1!
#34463472975
0!
#34464253975
1!
#34464472975
0!
#34465253975
1!
#34465472975
0!
#34466253975
1!
#34466472975
0!
#34467253975
1!
#34467472975
0!
#34468254000
1!
#34468472975
0!
#34469253975
1!
#34469472975
0!
#34470253975
1!
#34470472975
0!
#34471254000
1!
#34471472975
0!
#34472253975
1!
#34472472975
0!
#34473253975
1!
#34473472975
0!
#34474254000
1!
#34474472975
0!
#34475253975
1!
#34475472975
0!
#34476253975
1!
#34476472975
0!
#34477253975
1!
#34477472975
0!
#34478253975
1!
#34478472975
0!
#34479253975
1!
#34479472975
0!
#34480253975
1!
#34480472975
0!
#34481253975
1!
#34481472975
0!
#34482253975
1!
#34482472975
0!
#34483253975
1!
#34483472975
0!
#34484253975
1!
#34484472975
0!
#34485253975
1!
#34485472975
0!
#34486253975
1!
#34486472975
0!
#34487253975
1!
#34487472975
0!
#34488253975
1!
#34488472975
0!
#34489253975
1!
#34489472975
0!
#34490253975
1!
#34490472975
0!
#34491253975
1!
#34491472975
0!
#34492253975
1!
#34492472975
0!
#34493253975
1!
#34493472975
0!
#34494253975
1!
#34494472975
0!
#34495253975
1!
#34495472975
0!
#34496253975
1!
#34496472975
0!
#34497253975
1!
#34497472975
0!
#34498253975
1!
#34498472975
0!
#34499253975
1!
#34499472975
0!
#34500253975
1!
#34500472975
0!
#34501253975
1!
#34501472975
0!
#34502253975
1!
#34502472975
0!
#34503253975
1!
#34503472975
0!
#34504253975
1!
#34504472975
0!
#34505253975
1!
#34505472975
0!
#34506253975
1!
#34506472975
0!
#34507253975
1!
#34507472975
0!
#34508253975
1!
#34508472975
0!
#34509253975
1!
#34509472975
0!
#34510253975
1!
#34510472975
0!
#34511253975
1!
#34511472975
0!
#34512253975
1!
#34512472975
0!
#34513253975
1!
#34513472975
0!
#34514253975
1!
#34514472975
0!
#34515253975
1!
#34515472975
0!
#34516253975
1!
#34516472975
0!
#34517253975
1!
#34517472975
0!
#34518253975
1!
#34518472975
0!
#34519253975
1!
#34519472975
0!
#34520253975
1!
#34520472975
0!
#34521253975
1!
#34521472975
0!
#34522253975
1!
#34522472975
0!
#34523253975
1!
#34523472975
0!
#34524253975
1!
#34524472975
0!
#34525253975
1!
#34525472975
0!
#34526254000
1!
#34526472975
0!
#34527253975
1!
#34527472975
0!
#34528253975
1!
#34528472975
0!
#34529254000
1!
#34529472975
0!
#34530253975
1!
#34530472975
0!
#34531253975
1!
#34531472975
0!
#34532254000
1!
#34532472975
0!
#34533253975
1!
#34533472975
0!
#34534253975
1!
#34534472975
0!
#34535254000
1!
#34535472975
0!
#34536253975
1!
#34536472975
0!
#34537253975
1!
#34537472975
0!
#34538254000
1!
#34538472975
0!
#34539253975
1!
#34539472975
0!
#34540253975
1!
#34540472975
0!
#34541253975
1!
#34541472975
0!
#34542253975
1!
#34542472975
0!
#34543253975
1!
#34543472975
0!
#34544253975
1!
#34544472975
0!
#34545253975
1!
#34545472975
0!
#34546253975
1!
#34546472975
0!
#34547253975
1!
#34547472975
0!
#34548253975
1!
#34548472975
0!
#34549253975
1!
#34549472975
0!
#34550253975
1!
#34550472975
0!
#34551253975
1!
#34551472975
0!
#34552253975
1!
#34552472975
0!
#34553253975
1!
#34553472975
0!
#34554253975
1!
#34554472975
0!
#34555253975
1!
#34555472975
0!
#34556253975
1!
#34556472975
0!
#34557253975
1!
#34557472975
0!
#34558253975
1!
#34558472975
0!
#34559253975
1!
#34559472975
0!
#34560253975
1!
#34560472975
0!
#34561253975
1!
#34561472975
0!
#34562253975
1!
#34562472975
0!
#34563253975
1!
#34563473000
0!
#34564253975
1!
#34564472975
0!
#34565253975
1!
#34565472975
0!
#34566253975
1!
#34566472975
0!
#34567253975
1!
#34567472975
0!
#34568253975
1!
#34568472975
0!
#34569253975
1!
#34569472975
0!
#34570253975
1!
#34570472975
0!
#34571253975
1!
#34571472975
0!
#34572253975
1!
#34572472975
0!
#34573253975
1!
#34573472975
0!
#34574253975
1!
#34574472975
0!
#34575253975
1!
#34575472975
0!
#34576253975
1!
#34576472975
0!
#34577253975
1!
#34577472975
0!
#34578253975
1!
#34578472975
0!
#34579253975
1!
#34579472975
0!
#34580253975
1!
#34580472975
0!
#34581253975
1!
#34581472975
0!
#34582253975
1!
#34582472975
0!
#34583253975
1!
#34583472975
0!
#34584253975
1!
#34584472975
0!
#34585253975
1!
#34585472975
0!
#34586253975
1!
#34586472975
0!
#34587254000
1!
#34587472975
0!
#34588253975
1!
#34588472975
0!
#34589253975
1!
#34589472975
0!
#34590254000
1!
#34590472975
0!
#34591253975
1!
#34591472975
0!
#34592253975
1!
#34592472975
0!
#34593254000
1!
#34593472975
0!
#34594253975
1!
#34594472975
0!
#34595253975
1!
#34595472975
0!
#34596254000
1!
#34596472975
0!
#34597253975
1!
#34597472975
0!
#34598253975
1!
#34598472975
0!
#34599254000
1!
#34599472975
0!
#34600253975
1!
#34600472975
0!
#34601253975
1!
#34601472975
0!
#34602254000
1!
#34602472975
0!
#34603253975
1!
#34603472975
0!
#34604253975
1!
#34604472975
0!
#34605253975
1!
#34605472975
0!
#34606253975
1!
#34606472975
0!
#34607253975
1!
#34607472975
0!
#34608253975
1!
#34608472975
0!
#34609253975
1!
#34609472975
0!
#34610253975
1!
#34610472975
0!
#34611253975
1!
#34611472975
0!
#34612253975
1!
#34612472975
0!
#34613253975
1!
#34613472975
0!
#34614253975
1!
#34614472975
0!
#34615253975
1!
#34615472975
0!
#34616253975
1!
#34616472975
0!
#34617253975
1!
#34617472975
0!
#34618253975
1!
#34618472975
0!
#34619253975
1!
#34619472975
0!
#34620253975
1!
#34620472975
0!
#34621253975
1!
#34621472975
0!
#34622253975
1!
#34622472975
0!
#34623253975
1!
#34623472975
0!
#34624253975
1!
#34624473000
0!
#34625253975
1!
#34625472975
0!
#34626253975
1!
#34626472975
0!
#34627253975
1!
#34627472975
0!
#34628253975
1!
#34628472975
0!
#34629253975
1!
#34629472975
0!
#34630253975
1!
#34630472975
0!
#34631253975
1!
#34631472975
0!
#34632253975
1!
#34632472975
0!
#34633253975
1!
#34633472975
0!
#34634253975
1!
#34634472975
0!
#34635253975
1!
#34635472975
0!
#34636253975
1!
#34636472975
0!
#34637253975
1!
#34637472975
0!
#34638253975
1!
#34638472975
0!
#34639253975
1!
#34639472975
0!
#34640253975
1!
#34640472975
0!
#34641253975
1!
#34641472975
0!
#34642253975
1!
#34642472975
0!
#34643253975
1!
#34643472975
0!
#34644253975
1!
#34644472975
0!
#34645253975
1!
#34645472975
0!
#34646253975
1!
#34646472975
0!
#34647253975
1!
#34647472975
0!
#34648253975
1!
#34648472975
0!
#34649253975
1!
#34649472975
0!
#34650253975
1!
#34650472975
0!
#34651254000
1!
#34651472975
0!
#34652253975
1!
#34652472975
0!
#34653253975
1!
#34653472975
0!
#34654254000
1!
#34654472975
0!
#34655253975
1!
#34655472975
0!
#34656253975
1!
#34656472975
0!
#34657254000
1!
#34657472975
0!
#34658253975
1!
#34658472975
0!
#34659253975
1!
#34659472975
0!
#34660254000
1!
#34660472975
0!
#34661253975
1!
#34661472975
0!
#34662253975
1!
#34662472975
0!
#34663254000
1!
#34663472975
0!
#34664253975
1!
#34664472975
0!
#34665253975
1!
#34665472975
0!
#34666253975
1!
#34666472975
0!
#34667253975
1!
#34667472975
0!
#34668253975
1!
#34668472975
0!
#34669253975
1!
#34669472975
0!
#34670253975
1!
#34670472975
0!
#34671253975
1!
#34671472975
0!
#34672253975
1!
#34672472975
0!
#34673253975
1!
#34673472975
0!
#34674253975
1!
#34674472975
0!
#34675253975
1!
#34675472975
0!
#34676253975
1!
#34676472975
0!
#34677253975
1!
#34677472975
0!
#34678253975
1!
#34678472975
0!
#34679253975
1!
#34679473000
0!
#34680253975
1!
#34680472975
0!
#34681253975
1!
#34681472975
0!
#34682253975
1!
#34682472975
0!
#34683253975
1!
#34683472975
0!
#34684253975
1!
#34684472975
0!
#34685253975
1!
#34685473000
0!
#34686253975
1!
#34686472975
0!
#34687253975
1!
#34687472975
0!
#34688253975
1!
#34688473000
0!
#34689253975
1!
#34689472975
0!
#34690253975
1!
#34690472975
0!
#34691253975
1!
#34691473000
0!
#34692253975
1!
#34692472975
0!
#34693253975
1!
#34693472975
0!
#34694253975
1!
#34694472975
0!
#34695253975
1!
#34695472975
0!
#34696253975
1!
#34696472975
0!
#34697253975
1!
#34697472975
0!
#34698253975
1!
#34698472975
0!
#34699253975
1!
#34699472975
0!
#34700253975
1!
#34700472975
0!
#34701253975
1!
#34701472975
0!
#34702253975
1!
#34702472975
0!
#34703253975
1!
#34703472975
0!
#34704253975
1!
#34704472975
0!
#34705253975
1!
#34705472975
0!
#34706253975
1!
#34706472975
0!
#34707253975
1!
#34707472975
0!
#34708253975
1!
#34708472975
0!
#34709253975
1!
#34709472975
0!
#34710253975
1!
#34710472975
0!
#34711253975
1!
#34711472975
0!
#34712254000
1!
#34712472975
0!
#34713253975
1!
#34713472975
0!
#34714253975
1!
#34714472975
0!
#34715254000
1!
#34715472975
0!
#34716253975
1!
#34716472975
0!
#34717253975
1!
#34717472975
0!
#34718254000
1!
#34718472975
0!
#34719253975
1!
#34719472975
0!
#34720253975
1!
#34720472975
0!
#34721254000
1!
#34721472975
0!
#34722253975
1!
#34722472975
0!
#34723253975
1!
#34723472975
0!
#34724254000
1!
#34724472975
0!
#34725253975
1!
#34725472975
0!
#34726253975
1!
#34726472975
0!
#34727254000
1!
#34727472975
0!
#34728253975
1!
#34728472975
0!
#34729253975
1!
#34729472975
0!
#34730253975
1!
#34730472975
0!
#34731253975
1!
#34731472975
0!
#34732253975
1!
#34732472975
0!
#34733253975
1!
#34733472975
0!
#34734253975
1!
#34734472975
0!
#34735253975
1!
#34735472975
0!
#34736253975
1!
#34736472975
0!
#34737253975
1!
#34737472975
0!
#34738253975
1!
#34738472975
0!
#34739253975
1!
#34739472975
0!
#34740253975
1!
#34740472975
0!
#34741253975
1!
#34741472975
0!
#34742253975
1!
#34742472975
0!
#34743253975
1!
#34743473000
0!
#34744253975
1!
#34744472975
0!
#34745253975
1!
#34745472975
0!
#34746253975
1!
#34746473000
0!
#34747253975
1!
#34747472975
0!
#34748253975
1!
#34748472975
0!
#34749253975
1!
#34749473000
0!
#34750253975
1!
#34750472975
0!
#34751253975
1!
#34751472975
0!
#34752253975
1!
#34752473000
0!
#34753253975
1!
#34753472975
0!
#34754253975
1!
#34754472975
0!
#34755253975
1!
#34755473000
0!
#34756253975
1!
#34756472975
0!
#34757253975
1!
#34757472975
0!
#34758253975
1!
#34758472975
0!
#34759253975
1!
#34759472975
0!
#34760253975
1!
#34760472975
0!
#34761253975
1!
#34761472975
0!
#34762253975
1!
#34762472975
0!
#34763253975
1!
#34763472975
0!
#34764253975
1!
#34764472975
0!
#34765253975
1!
#34765472975
0!
#34766253975
1!
#34766472975
0!
#34767253975
1!
#34767472975
0!
#34768253975
1!
#34768472975
0!
#34769253975
1!
#34769472975
0!
#34770253975
1!
#34770472975
0!
#34771253975
1!
#34771472975
0!
#34772253975
1!
#34772472975
0!
#34773253975
1!
#34773472975
0!
#34774253975
1!
#34774472975
0!
#34775253975
1!
#34775472975
0!
#34776254000
1!
#34776472975
0!
#34777253975
1!
#34777472975
0!
#34778253975
1!
#34778472975
0!
#34779254000
1!
#34779472975
0!
#34780253975
1!
#34780472975
0!
#34781253975
1!
#34781472975
0!
#34782254000
1!
#34782472975
0!
#34783253975
1!
#34783472975
0!
#34784253975
1!
#34784472975
0!
#34785254000
1!
#34785472975
0!
#34786253975
1!
#34786472975
0!
#34787253975
1!
#34787472975
0!
#34788254000
1!
#34788472975
0!
#34789253975
1!
#34789472975
0!
#34790253975
1!
#34790472975
0!
#34791253975
1!
#34791472975
0!
#34792253975
1!
#34792472975
0!
#34793253975
1!
#34793472975
0!
#34794253975
1!
#34794472975
0!
#34795253975
1!
#34795472975
0!
#34796253975
1!
#34796472975
0!
#34797253975
1!
#34797472975
0!
#34798253975
1!
#34798472975
0!
#34799253975
1!
#34799472975
0!
#34800253975
1!
#34800472975
0!
#34801253975
1!
#34801472975
0!
#34802253975
1!
#34802472975
0!
#34803253975
1!
#34803472975
0!
#34804253975
1!
#34804473000
0!
#34805253975
1!
#34805472975
0!
#34806253975
1!
#34806472975
0!
#34807253975
1!
#34807473000
0!
#34808253975
1!
#34808472975
0!
#34809253975
1!
#34809472975
0!
#34810253975
1!
#34810473000
0!
#34811253975
1!
#34811472975
0!
#34812253975
1!
#34812472975
0!
#34813253975
1!
#34813473000
0!
#34814253975
1!
#34814472975
0!
#34815253975
1!
#34815472975
0!
#34816253975
1!
#34816473000
0!
#34817253975
1!
#34817472975
0!
#34818253975
1!
#34818472975
0!
#34819253975
1!
#34819472975
0!
#34820253975
1!
#34820472975
0!
#34821253975
1!
#34821472975
0!
#34822253975
1!
#34822472975
0!
#34823253975
1!
#34823472975
0!
#34824253975
1!
#34824472975
0!
#34825253975
1!
#34825472975
0!
#34826253975
1!
#34826472975
0!
#34827253975
1!
#34827472975
0!
#34828253975
1!
#34828472975
0!
#34829253975
1!
#34829472975
0!
#34830253975
1!
#34830472975
0!
#34831253975
1!
#34831472975
0!
#34832253975
1!
#34832472975
0!
#34833253975
1!
#34833472975
0!
#34834253975
1!
#34834472975
0!
#34835253975
1!
#34835472975
0!
#34836253975
1!
#34836472975
0!
#34837254000
1!
#34837472975
0!
#34838253975
1!
#34838472975
0!
#34839253975
1!
#34839472975
0!
#34840254000
1!
#34840472975
0!
#34841253975
1!
#34841472975
0!
#34842253975
1!
#34842472975
0!
#34843254000
1!
#34843472975
0!
#34844253975
1!
#34844472975
0!
#34845253975
1!
#34845472975
0!
#34846254000
1!
#34846472975
0!
#34847253975
1!
#34847472975
0!
#34848253975
1!
#34848472975
0!
#34849254000
1!
#34849472975
0!
#34850253975
1!
#34850472975
0!
#34851253975
1!
#34851472975
0!
#34852254000
1!
#34852472975
0!
#34853253975
1!
#34853472975
0!
#34854253975
1!
#34854472975
0!
#34855253975
1!
#34855472975
0!
#34856253975
1!
#34856472975
0!
#34857253975
1!
#34857472975
0!
#34858253975
1!
#34858472975
0!
#34859253975
1!
#34859472975
0!
#34860253975
1!
#34860472975
0!
#34861253975
1!
#34861472975
0!
#34862253975
1!
#34862472975
0!
#34863253975
1!
#34863472975
0!
#34864253975
1!
#34864472975
0!
#34865253975
1!
#34865472975
0!
#34866253975
1!
#34866472975
0!
#34867253975
1!
#34867472975
0!
#34868253975
1!
#34868473000
0!
#34869253975
1!
#34869472975
0!
#34870253975
1!
#34870472975
0!
#34871253975
1!
#34871473000
0!
#34872253975
1!
#34872472975
0!
#34873253975
1!
#34873472975
0!
#34874253975
1!
#34874472975
0!
#34875253975
1!
#34875472975
0!
#34876253975
1!
#34876472975
0!
#34877253975
1!
#34877472975
0!
#34878253975
1!
#34878472975
0!
#34879253975
1!
#34879472975
0!
#34880253975
1!
#34880473000
0!
#34881253975
1!
#34881472975
0!
#34882253975
1!
#34882472975
0!
#34883253975
1!
#34883472975
0!
#34884253975
1!
#34884472975
0!
#34885253975
1!
#34885472975
0!
#34886253975
1!
#34886472975
0!
#34887253975
1!
#34887472975
0!
#34888253975
1!
#34888472975
0!
#34889253975
1!
#34889472975
0!
#34890253975
1!
#34890472975
0!
#34891253975
1!
#34891472975
0!
#34892253975
1!
#34892472975
0!
#34893253975
1!
#34893472975
0!
#34894253975
1!
#34894472975
0!
#34895253975
1!
#34895472975
0!
#34896253975
1!
#34896472975
0!
#34897253975
1!
#34897472975
0!
#34898253975
1!
#34898472975
0!
#34899253975
1!
#34899472975
0!
#34900253975
1!
#34900472975
0!
#34901254000
1!
#34901472975
0!
#34902253975
1!
#34902472975
0!
#34903253975
1!
#34903472975
0!
#34904254000
1!
#34904472975
0!
#34905253975
1!
#34905472975
0!
#34906253975
1!
#34906472975
0!
#34907254000
1!
#34907472975
0!
#34908253975
1!
#34908472975
0!
#34909253975
1!
#34909472975
0!
#34910254000
1!
#34910472975
0!
#34911253975
1!
#34911472975
0!
#34912253975
1!
#34912472975
0!
#34913254000
1!
#34913472975
0!
#34914253975
1!
#34914472975
0!
#34915253975
1!
#34915472975
0!
#34916253975
1!
#34916472975
0!
#34917253975
1!
#34917472975
0!
#34918253975
1!
#34918472975
0!
#34919253975
1!
#34919472975
0!
#34920253975
1!
#34920472975
0!
#34921253975
1!
#34921472975
0!
#34922253975
1!
#34922472975
0!
#34923253975
1!
#34923472975
0!
#34924253975
1!
#34924472975
0!
#34925253975
1!
#34925472975
0!
#34926253975
1!
#34926472975
0!
#34927253975
1!
#34927472975
0!
#34928253975
1!
#34928472975
0!
#34929253975
1!
#34929473000
0!
#34930253975
1!
#34930472975
0!
#34931253975
1!
#34931472975
0!
#34932253975
1!
#34932473000
0!
#34933253975
1!
#34933472975
0!
#34934253975
1!
#34934472975
0!
#34935253975
1!
#34935473000
0!
#34936253975
1!
#34936472975
0!
#34937253975
1!
#34937472975
0!
#34938253975
1!
#34938473000
0!
#34939253975
1!
#34939472975
0!
#34940253975
1!
#34940472975
0!
#34941253975
1!
#34941473000
0!
#34942253975
1!
#34942472975
0!
#34943253975
1!
#34943472975
0!
#34944253975
1!
#34944472975
0!
#34945253975
1!
#34945472975
0!
#34946253975
1!
#34946472975
0!
#34947253975
1!
#34947472975
0!
#34948253975
1!
#34948472975
0!
#34949253975
1!
#34949472975
0!
#34950253975
1!
#34950472975
0!
#34951253975
1!
#34951472975
0!
#34952253975
1!
#34952472975
0!
#34953253975
1!
#34953472975
0!
#34954253975
1!
#34954472975
0!
#34955253975
1!
#34955472975
0!
#34956253975
1!
#34956472975
0!
#34957253975
1!
#34957472975
0!
#34958253975
1!
#34958472975
0!
#34959253975
1!
#34959472975
0!
#34960253975
1!
#34960472975
0!
#34961253975
1!
#34961472975
0!
#34962254000
1!
#34962472975
0!
#34963253975
1!
#34963472975
0!
#34964253975
1!
#34964472975
0!
#34965254000
1!
#34965472975
0!
#34966253975
1!
#34966472975
0!
#34967253975
1!
#34967472975
0!
#34968254000
1!
#34968472975
0!
#34969253975
1!
#34969472975
0!
#34970253975
1!
#34970472975
0!
#34971254000
1!
#34971472975
0!
#34972253975
1!
#34972472975
0!
#34973253975
1!
#34973472975
0!
#34974254000
1!
#34974472975
0!
#34975253975
1!
#34975472975
0!
#34976253975
1!
#34976472975
0!
#34977254000
1!
#34977472975
0!
#34978253975
1!
#34978472975
0!
#34979253975
1!
#34979472975
0!
#34980253975
1!
#34980472975
0!
#34981253975
1!
#34981472975
0!
#34982253975
1!
#34982472975
0!
#34983253975
1!
#34983472975
0!
#34984253975
1!
#34984472975
0!
#34985253975
1!
#34985472975
0!
#34986253975
1!
#34986472975
0!
#34987253975
1!
#34987472975
0!
#34988253975
1!
#34988472975
0!
#34989253975
1!
#34989472975
0!
#34990253975
1!
#34990472975
0!
#34991253975
1!
#34991472975
0!
#34992253975
1!
#34992472975
0!
#34993253975
1!
#34993473000
0!
#34994253975
1!
#34994472975
0!
#34995253975
1!
#34995472975
0!
#34996253975
1!
#34996473000
0!
#34997253975
1!
#34997472975
0!
#34998253975
1!
#34998472975
0!
#34999253975
1!
#34999473000
0!
#35000253975
1!
#35000472975
0!
#35001253975
1!
#35001472975
0!
#35002253975
1!
#35002473000
0!
#35003253975
1!
#35003472975
0!
#35004253975
1!
#35004472975
0!
#35005253975
1!
#35005473000
0!
#35006253975
1!
#35006472975
0!
#35007253975
1!
#35007472975
0!
#35008253975
1!
#35008472975
0!
#35009253975
1!
#35009472975
0!
#35010253975
1!
#35010472975
0!
#35011253975
1!
#35011472975
0!
#35012253975
1!
#35012472975
0!
#35013253975
1!
#35013472975
0!
#35014253975
1!
#35014472975
0!
#35015253975
1!
#35015472975
0!
#35016253975
1!
#35016472975
0!
#35017253975
1!
#35017472975
0!
#35018253975
1!
#35018472975
0!
#35019253975
1!
#35019472975
0!
#35020253975
1!
#35020472975
0!
#35021253975
1!
#35021472975
0!
#35022253975
1!
#35022472975
0!
#35023253975
1!
#35023472975
0!
#35024253975
1!
#35024472975
0!
#35025253975
1!
#35025472975
0!
#35026254000
1!
#35026472975
0!
#35027253975
1!
#35027472975
0!
#35028253975
1!
#35028472975
0!
#35029254000
1!
#35029472975
0!
#35030253975
1!
#35030472975
0!
#35031253975
1!
#35031472975
0!
#35032254000
1!
#35032472975
0!
#35033253975
1!
#35033472975
0!
#35034253975
1!
#35034472975
0!
#35035254000
1!
#35035472975
0!
#35036253975
1!
#35036472975
0!
#35037253975
1!
#35037472975
0!
#35038254000
1!
#35038472975
0!
#35039253975
1!
#35039472975
0!
#35040253975
1!
#35040472975
0!
#35041253975
1!
#35041472975
0!
#35042253975
1!
#35042472975
0!
#35043253975
1!
#35043472975
0!
#35044253975
1!
#35044472975
0!
#35045253975
1!
#35045472975
0!
#35046253975
1!
#35046472975
0!
#35047253975
1!
#35047472975
0!
#35048253975
1!
#35048472975
0!
#35049253975
1!
#35049472975
0!
#35050253975
1!
#35050472975
0!
#35051253975
1!
#35051472975
0!
#35052253975
1!
#35052472975
0!
#35053253975
1!
#35053472975
0!
#35054253975
1!
#35054472975
0!
#35055253975
1!
#35055472975
0!
#35056253975
1!
#35056472975
0!
#35057253975
1!
#35057472975
0!
#35058253975
1!
#35058472975
0!
#35059253975
1!
#35059472975
0!
#35060253975
1!
#35060473000
0!
#35061253975
1!
#35061472975
0!
#35062253975
1!
#35062472975
0!
#35063253975
1!
#35063473000
0!
#35064253975
1!
#35064472975
0!
#35065253975
1!
#35065472975
0!
#35066253975
1!
#35066472975
0!
#35067253975
1!
#35067472975
0!
#35068253975
1!
#35068472975
0!
#35069253975
1!
#35069472975
0!
#35070253975
1!
#35070472975
0!
#35071253975
1!
#35071472975
0!
#35072253975
1!
#35072472975
0!
#35073253975
1!
#35073472975
0!
#35074253975
1!
#35074472975
0!
#35075253975
1!
#35075472975
0!
#35076253975
1!
#35076472975
0!
#35077253975
1!
#35077472975
0!
#35078253975
1!
#35078472975
0!
#35079253975
1!
#35079472975
0!
#35080253975
1!
#35080472975
0!
#35081253975
1!
#35081472975
0!
#35082253975
1!
#35082472975
0!
#35083253975
1!
#35083472975
0!
#35084253975
1!
#35084472975
0!
#35085253975
1!
#35085472975
0!
#35086253975
1!
#35086472975
0!
#35087254000
1!
#35087472975
0!
#35088253975
1!
#35088472975
0!
#35089253975
1!
#35089472975
0!
#35090254000
1!
#35090472975
0!
#35091253975
1!
#35091472975
0!
#35092253975
1!
#35092472975
0!
#35093254000
1!
#35093472975
0!
#35094253975
1!
#35094472975
0!
#35095253975
1!
#35095472975
0!
#35096254000
1!
#35096472975
0!
#35097253975
1!
#35097472975
0!
#35098253975
1!
#35098472975
0!
#35099254000
1!
#35099472975
0!
#35100253975
1!
#35100472975
0!
#35101253975
1!
#35101472975
0!
#35102254000
1!
#35102472975
0!
#35103253975
1!
#35103472975
0!
#35104253975
1!
#35104472975
0!
#35105253975
1!
#35105472975
0!
#35106253975
1!
#35106472975
0!
#35107253975
1!
#35107472975
0!
#35108253975
1!
#35108472975
0!
#35109253975
1!
#35109472975
0!
#35110253975
1!
#35110472975
0!
#35111253975
1!
#35111472975
0!
#35112253975
1!
#35112472975
0!
#35113253975
1!
#35113472975
0!
#35114253975
1!
#35114472975
0!
#35115253975
1!
#35115472975
0!
#35116253975
1!
#35116472975
0!
#35117253975
1!
#35117472975
0!
#35118253975
1!
#35118473000
0!
#35119253975
1!
#35119472975
0!
#35120253975
1!
#35120472975
0!
#35121253975
1!
#35121473000
0!
#35122253975
1!
#35122472975
0!
#35123253975
1!
#35123472975
0!
#35124253975
1!
#35124473000
0!
#35125253975
1!
#35125472975
0!
#35126253975
1!
#35126472975
0!
#35127253975
1!
#35127473000
0!
#35128253975
1!
#35128472975
0!
#35129253975
1!
#35129472975
0!
#35130253975
1!
#35130473000
0!
#35131253975
1!
#35131472975
0!
#35132253975
1!
#35132472975
0!
#35133253975
1!
#35133472975
0!
#35134253975
1!
#35134472975
0!
#35135253975
1!
#35135472975
0!
#35136253975
1!
#35136472975
0!
#35137253975
1!
#35137472975
0!
#35138253975
1!
#35138472975
0!
#35139253975
1!
#35139472975
0!
#35140253975
1!
#35140472975
0!
#35141253975
1!
#35141472975
0!
#35142253975
1!
#35142472975
0!
#35143253975
1!
#35143472975
0!
#35144253975
1!
#35144472975
0!
#35145253975
1!
#35145472975
0!
#35146253975
1!
#35146472975
0!
#35147253975
1!
#35147472975
0!
#35148253975
1!
#35148472975
0!
#35149253975
1!
#35149472975
0!
#35150253975
1!
#35150472975
0!
#35151254000
1!
#35151472975
0!
#35152253975
1!
#35152472975
0!
#35153253975
1!
#35153472975
0!
#35154254000
1!
#35154472975
0!
#35155253975
1!
#35155472975
0!
#35156253975
1!
#35156472975
0!
#35157254000
1!
#35157472975
0!
#35158253975
1!
#35158472975
0!
#35159253975
1!
#35159472975
0!
#35160254000
1!
#35160472975
0!
#35161253975
1!
#35161472975
0!
#35162253975
1!
#35162472975
0!
#35163254000
1!
#35163472975
0!
#35164253975
1!
#35164472975
0!
#35165253975
1!
#35165472975
0!
#35166253975
1!
#35166472975
0!
#35167253975
1!
#35167472975
0!
#35168253975
1!
#35168472975
0!
#35169253975
1!
#35169472975
0!
#35170253975
1!
#35170472975
0!
#35171253975
1!
#35171472975
0!
#35172253975
1!
#35172472975
0!
#35173253975
1!
#35173472975
0!
#35174253975
1!
#35174472975
0!
#35175253975
1!
#35175472975
0!
#35176253975
1!
#35176472975
0!
#35177253975
1!
#35177472975
0!
#35178253975
1!
#35178472975
0!
#35179253975
1!
#35179473000
0!
#35180253975
1!
#35180472975
0!
#35181253975
1!
#35181472975
0!
#35182253975
1!
#35182473000
0!
#35183253975
1!
#35183472975
0!
#35184253975
1!
#35184472975
0!
#35185253975
1!
#35185473000
0!
#35186253975
1!
#35186472975
0!
#35187253975
1!
#35187472975
0!
#35188253975
1!
#35188473000
0!
#35189253975
1!
#35189472975
0!
#35190253975
1!
#35190472975
0!
#35191253975
1!
#35191473000
0!
#35192253975
1!
#35192472975
0!
#35193253975
1!
#35193472975
0!
#35194253975
1!
#35194472975
0!
#35195253975
1!
#35195472975
0!
#35196253975
1!
#35196472975
0!
#35197253975
1!
#35197472975
0!
#35198253975
1!
#35198472975
0!
#35199253975
1!
#35199472975
0!
#35200253975
1!
#35200472975
0!
#35201253975
1!
#35201472975
0!
#35202253975
1!
#35202472975
0!
#35203253975
1!
#35203472975
0!
#35204253975
1!
#35204472975
0!
#35205253975
1!
#35205472975
0!
#35206253975
1!
#35206472975
0!
#35207253975
1!
#35207472975
0!
#35208253975
1!
#35208472975
0!
#35209253975
1!
#35209472975
0!
#35210253975
1!
#35210472975
0!
#35211253975
1!
#35211472975
0!
#35212254000
1!
#35212472975
0!
#35213253975
1!
#35213472975
0!
#35214253975
1!
#35214472975
0!
#35215254000
1!
#35215472975
0!
#35216253975
1!
#35216472975
0!
#35217253975
1!
#35217472975
0!
#35218254000
1!
#35218472975
0!
#35219253975
1!
#35219472975
0!
#35220253975
1!
#35220472975
0!
#35221254000
1!
#35221472975
0!
#35222253975
1!
#35222472975
0!
#35223253975
1!
#35223472975
0!
#35224254000
1!
#35224472975
0!
#35225253975
1!
#35225472975
0!
#35226253975
1!
#35226472975
0!
#35227254000
1!
#35227472975
0!
#35228253975
1!
#35228472975
0!
#35229253975
1!
#35229472975
0!
#35230253975
1!
#35230472975
0!
#35231253975
1!
#35231472975
0!
#35232253975
1!
#35232472975
0!
#35233253975
1!
#35233472975
0!
#35234253975
1!
#35234472975
0!
#35235253975
1!
#35235472975
0!
#35236253975
1!
#35236472975
0!
#35237253975
1!
#35237472975
0!
#35238253975
1!
#35238472975
0!
#35239253975
1!
#35239472975
0!
#35240253975
1!
#35240472975
0!
#35241253975
1!
#35241472975
0!
#35242253975
1!
#35242472975
0!
#35243253975
1!
#35243473000
0!
#35244253975
1!
#35244472975
0!
#35245253975
1!
#35245472975
0!
#35246253975
1!
#35246472975
0!
#35247253975
1!
#35247472975
0!
#35248253975
1!
#35248472975
0!
#35249253975
1!
#35249472975
0!
#35250253975
1!
#35250472975
0!
#35251253975
1!
#35251472975
0!
#35252253975
1!
#35252473000
0!
#35253253975
1!
#35253472975
0!
#35254253975
1!
#35254472975
0!
#35255253975
1!
#35255473000
0!
#35256253975
1!
#35256472975
0!
#35257253975
1!
#35257472975
0!
#35258253975
1!
#35258472975
0!
#35259253975
1!
#35259472975
0!
#35260253975
1!
#35260472975
0!
#35261253975
1!
#35261472975
0!
#35262253975
1!
#35262472975
0!
#35263253975
1!
#35263472975
0!
#35264253975
1!
#35264472975
0!
#35265253975
1!
#35265472975
0!
#35266253975
1!
#35266472975
0!
#35267253975
1!
#35267472975
0!
#35268253975
1!
#35268472975
0!
#35269253975
1!
#35269472975
0!
#35270253975
1!
#35270472975
0!
#35271253975
1!
#35271472975
0!
#35272253975
1!
#35272472975
0!
#35273253975
1!
#35273472975
0!
#35274253975
1!
#35274472975
0!
#35275253975
1!
#35275472975
0!
#35276254000
1!
#35276472975
0!
#35277253975
1!
#35277472975
0!
#35278253975
1!
#35278472975
0!
#35279254000
1!
#35279472975
0!
#35280253975
1!
#35280472975
0!
#35281253975
1!
#35281472975
0!
#35282254000
1!
#35282472975
0!
#35283253975
1!
#35283472975
0!
#35284253975
1!
#35284472975
0!
#35285253975
1!
#35285472975
0!
#35286253975
1!
#35286472975
0!
#35287253975
1!
#35287472975
0!
#35288254000
1!
#35288472975
0!
#35289253975
1!
#35289472975
0!
#35290253975
1!
#35290472975
0!
#35291253975
1!
#35291472975
0!
#35292253975
1!
#35292472975
0!
#35293253975
1!
#35293472975
0!
#35294253975
1!
#35294472975
0!
#35295253975
1!
#35295472975
0!
#35296253975
1!
#35296472975
0!
#35297253975
1!
#35297472975
0!
#35298253975
1!
#35298472975
0!
#35299253975
1!
#35299472975
0!
#35300253975
1!
#35300472975
0!
#35301253975
1!
#35301472975
0!
#35302253975
1!
#35302472975
0!
#35303253975
1!
#35303472975
0!
#35304253975
1!
#35304473000
0!
#35305253975
1!
#35305472975
0!
#35306253975
1!
#35306472975
0!
#35307253975
1!
#35307473000
0!
#35308253975
1!
#35308472975
0!
#35309253975
1!
#35309472975
0!
#35310253975
1!
#35310473000
0!
#35311253975
1!
#35311472975
0!
#35312253975
1!
#35312472975
0!
#35313253975
1!
#35313473000
0!
#35314253975
1!
#35314472975
0!
#35315253975
1!
#35315472975
0!
#35316253975
1!
#35316473000
0!
#35317253975
1!
#35317472975
0!
#35318253975
1!
#35318472975
0!
#35319253975
1!
#35319472975
0!
#35320253975
1!
#35320472975
0!
#35321253975
1!
#35321472975
0!
#35322253975
1!
#35322472975
0!
#35323253975
1!
#35323472975
0!
#35324253975
1!
#35324472975
0!
#35325253975
1!
#35325472975
0!
#35326253975
1!
#35326472975
0!
#35327253975
1!
#35327472975
0!
#35328253975
1!
#35328472975
0!
#35329253975
1!
#35329472975
0!
#35330253975
1!
#35330472975
0!
#35331253975
1!
#35331472975
0!
#35332253975
1!
#35332472975
0!
#35333253975
1!
#35333472975
0!
#35334253975
1!
#35334472975
0!
#35335253975
1!
#35335472975
0!
#35336253975
1!
#35336472975
0!
#35337254000
1!
#35337472975
0!
#35338253975
1!
#35338472975
0!
#35339253975
1!
#35339472975
0!
#35340254000
1!
#35340472975
0!
#35341253975
1!
#35341472975
0!
#35342253975
1!
#35342472975
0!
#35343254000
1!
#35343472975
0!
#35344253975
1!
#35344472975
0!
#35345253975
1!
#35345472975
0!
#35346254000
1!
#35346472975
0!
#35347253975
1!
#35347472975
0!
#35348253975
1!
#35348472975
0!
#35349254000
1!
#35349472975
0!
#35350253975
1!
#35350472975
0!
#35351253975
1!
#35351472975
0!
#35352254000
1!
#35352472975
0!
#35353253975
1!
#35353472975
0!
#35354253975
1!
#35354472975
0!
#35355253975
1!
#35355472975
0!
#35356253975
1!
#35356472975
0!
#35357253975
1!
#35357472975
0!
#35358253975
1!
#35358472975
0!
#35359253975
1!
#35359472975
0!
#35360253975
1!
#35360472975
0!
#35361253975
1!
#35361472975
0!
#35362253975
1!
#35362472975
0!
#35363253975
1!
#35363472975
0!
#35364253975
1!
#35364472975
0!
#35365253975
1!
#35365472975
0!
#35366253975
1!
#35366472975
0!
#35367253975
1!
#35367472975
0!
#35368253975
1!
#35368473000
0!
#35369253975
1!
#35369472975
0!
#35370253975
1!
#35370472975
0!
#35371253975
1!
#35371473000
0!
#35372253975
1!
#35372472975
0!
#35373253975
1!
#35373472975
0!
#35374253975
1!
#35374473000
0!
#35375253975
1!
#35375472975
0!
#35376253975
1!
#35376472975
0!
#35377253975
1!
#35377473000
0!
#35378253975
1!
#35378472975
0!
#35379253975
1!
#35379472975
0!
#35380253975
1!
#35380473000
0!
#35381253975
1!
#35381472975
0!
#35382253975
1!
#35382472975
0!
#35383253975
1!
#35383472975
0!
#35384253975
1!
#35384472975
0!
#35385253975
1!
#35385472975
0!
#35386253975
1!
#35386472975
0!
#35387253975
1!
#35387472975
0!
#35388253975
1!
#35388472975
0!
#35389253975
1!
#35389472975
0!
#35390253975
1!
#35390472975
0!
#35391253975
1!
#35391472975
0!
#35392253975
1!
#35392472975
0!
#35393253975
1!
#35393472975
0!
#35394253975
1!
#35394472975
0!
#35395253975
1!
#35395472975
0!
#35396253975
1!
#35396472975
0!
#35397253975
1!
#35397472975
0!
#35398253975
1!
#35398472975
0!
#35399253975
1!
#35399472975
0!
#35400253975
1!
#35400472975
0!
#35401254000
1!
#35401472975
0!
#35402253975
1!
#35402472975
0!
#35403253975
1!
#35403472975
0!
#35404254000
1!
#35404472975
0!
#35405253975
1!
#35405472975
0!
#35406253975
1!
#35406472975
0!
#35407254000
1!
#35407472975
0!
#35408253975
1!
#35408472975
0!
#35409253975
1!
#35409472975
0!
#35410254000
1!
#35410472975
0!
#35411253975
1!
#35411472975
0!
#35412253975
1!
#35412472975
0!
#35413254000
1!
#35413472975
0!
#35414253975
1!
#35414472975
0!
#35415253975
1!
#35415472975
0!
#35416253975
1!
#35416472975
0!
#35417253975
1!
#35417472975
0!
#35418253975
1!
#35418472975
0!
#35419253975
1!
#35419472975
0!
#35420253975
1!
#35420472975
0!
#35421253975
1!
#35421472975
0!
#35422253975
1!
#35422472975
0!
#35423253975
1!
#35423472975
0!
#35424253975
1!
#35424472975
0!
#35425253975
1!
#35425472975
0!
#35426253975
1!
#35426472975
0!
#35427253975
1!
#35427472975
0!
#35428253975
1!
#35428472975
0!
#35429253975
1!
#35429472975
0!
#35430253975
1!
#35430472975
0!
#35431253975
1!
#35431472975
0!
#35432253975
1!
#35432473000
0!
#35433253975
1!
#35433472975
0!
#35434253975
1!
#35434472975
0!
#35435253975
1!
#35435473000
0!
#35436253975
1!
#35436472975
0!
#35437253975
1!
#35437472975
0!
#35438253975
1!
#35438472975
0!
#35439253975
1!
#35439472975
0!
#35440253975
1!
#35440472975
0!
#35441253975
1!
#35441473000
0!
#35442253975
1!
#35442472975
0!
#35443253975
1!
#35443472975
0!
#35444253975
1!
#35444472975
0!
#35445253975
1!
#35445472975
0!
#35446253975
1!
#35446472975
0!
#35447253975
1!
#35447472975
0!
#35448253975
1!
#35448472975
0!
#35449253975
1!
#35449472975
0!
#35450253975
1!
#35450472975
0!
#35451253975
1!
#35451472975
0!
#35452253975
1!
#35452472975
0!
#35453253975
1!
#35453472975
0!
#35454253975
1!
#35454472975
0!
#35455253975
1!
#35455472975
0!
#35456253975
1!
#35456472975
0!
#35457253975
1!
#35457472975
0!
#35458253975
1!
#35458472975
0!
#35459253975
1!
#35459472975
0!
#35460253975
1!
#35460472975
0!
#35461253975
1!
#35461472975
0!
#35462254000
1!
#35462472975
0!
#35463253975
1!
#35463472975
0!
#35464253975
1!
#35464472975
0!
#35465254000
1!
#35465472975
0!
#35466253975
1!
#35466472975
0!
#35467253975
1!
#35467472975
0!
#35468254000
1!
#35468472975
0!
#35469253975
1!
#35469472975
0!
#35470253975
1!
#35470472975
0!
#35471254000
1!
#35471472975
0!
#35472253975
1!
#35472472975
0!
#35473253975
1!
#35473472975
0!
#35474254000
1!
#35474472975
0!
#35475253975
1!
#35475472975
0!
#35476253975
1!
#35476472975
0!
#35477254000
1!
#35477472975
0!
#35478253975
1!
#35478472975
0!
#35479253975
1!
#35479472975
0!
#35480253975
1!
#35480472975
0!
#35481253975
1!
#35481472975
0!
#35482253975
1!
#35482472975
0!
#35483253975
1!
#35483472975
0!
#35484253975
1!
#35484472975
0!
#35485253975
1!
#35485472975
0!
#35486253975
1!
#35486472975
0!
#35487253975
1!
#35487472975
0!
#35488253975
1!
#35488472975
0!
#35489253975
1!
#35489472975
0!
#35490253975
1!
#35490472975
0!
#35491253975
1!
#35491472975
0!
#35492253975
1!
#35492472975
0!
#35493253975
1!
#35493472975
0!
#35494253975
1!
#35494472975
0!
#35495253975
1!
#35495472975
0!
#35496253975
1!
#35496473000
0!
#35497253975
1!
#35497472975
0!
#35498253975
1!
#35498472975
0!
#35499253975
1!
#35499473000
0!
#35500253975
1!
#35500472975
0!
#35501253975
1!
#35501472975
0!
#35502253975
1!
#35502473000
0!
#35503253975
1!
#35503472975
0!
#35504253975
1!
#35504472975
0!
#35505253975
1!
#35505473000
0!
#35506253975
1!
#35506472975
0!
#35507253975
1!
#35507472975
0!
#35508253975
1!
#35508472975
0!
#35509253975
1!
#35509472975
0!
#35510253975
1!
#35510472975
0!
#35511253975
1!
#35511472975
0!
#35512253975
1!
#35512472975
0!
#35513253975
1!
#35513472975
0!
#35514253975
1!
#35514472975
0!
#35515253975
1!
#35515472975
0!
#35516253975
1!
#35516472975
0!
#35517253975
1!
#35517472975
0!
#35518253975
1!
#35518472975
0!
#35519253975
1!
#35519472975
0!
#35520253975
1!
#35520472975
0!
#35521253975
1!
#35521472975
0!
#35522253975
1!
#35522472975
0!
#35523253975
1!
#35523472975
0!
#35524253975
1!
#35524472975
0!
#35525253975
1!
#35525472975
0!
#35526254000
1!
#35526472975
0!
#35527253975
1!
#35527472975
0!
#35528253975
1!
#35528472975
0!
#35529254000
1!
#35529472975
0!
#35530253975
1!
#35530472975
0!
#35531253975
1!
#35531472975
0!
#35532254000
1!
#35532472975
0!
#35533253975
1!
#35533472975
0!
#35534253975
1!
#35534472975
0!
#35535254000
1!
#35535472975
0!
#35536253975
1!
#35536472975
0!
#35537253975
1!
#35537472975
0!
#35538254000
1!
#35538472975
0!
#35539253975
1!
#35539472975
0!
#35540253975
1!
#35540472975
0!
#35541253975
1!
#35541472975
0!
#35542253975
1!
#35542472975
0!
#35543253975
1!
#35543472975
0!
#35544253975
1!
#35544472975
0!
#35545253975
1!
#35545472975
0!
#35546253975
1!
#35546472975
0!
#35547253975
1!
#35547472975
0!
#35548253975
1!
#35548472975
0!
#35549253975
1!
#35549472975
0!
#35550253975
1!
#35550472975
0!
#35551253975
1!
#35551472975
0!
#35552253975
1!
#35552472975
0!
#35553253975
1!
#35553472975
0!
#35554253975
1!
#35554473000
0!
#35555253975
1!
#35555472975
0!
#35556253975
1!
#35556472975
0!
#35557253975
1!
#35557472975
0!
#35558253975
1!
#35558472975
0!
#35559253975
1!
#35559472975
0!
#35560253975
1!
#35560473000
0!
#35561253975
1!
#35561472975
0!
#35562253975
1!
#35562472975
0!
#35563253975
1!
#35563473000
0!
#35564253975
1!
#35564472975
0!
#35565253975
1!
#35565472975
0!
#35566253975
1!
#35566473000
0!
#35567253975
1!
#35567472975
0!
#35568253975
1!
#35568472975
0!
#35569253975
1!
#35569472975
0!
#35570253975
1!
#35570472975
0!
#35571253975
1!
#35571472975
0!
#35572253975
1!
#35572472975
0!
#35573253975
1!
#35573472975
0!
#35574253975
1!
#35574472975
0!
#35575253975
1!
#35575472975
0!
#35576253975
1!
#35576472975
0!
#35577253975
1!
#35577472975
0!
#35578253975
1!
#35578472975
0!
#35579253975
1!
#35579472975
0!
#35580253975
1!
#35580472975
0!
#35581253975
1!
#35581472975
0!
#35582253975
1!
#35582472975
0!
#35583253975
1!
#35583472975
0!
#35584253975
1!
#35584472975
0!
#35585253975
1!
#35585472975
0!
#35586253975
1!
#35586472975
0!
#35587254000
1!
#35587472975
0!
#35588253975
1!
#35588472975
0!
#35589253975
1!
#35589472975
0!
#35590254000
1!
#35590472975
0!
#35591253975
1!
#35591472975
0!
#35592253975
1!
#35592472975
0!
#35593254000
1!
#35593472975
0!
#35594253975
1!
#35594472975
0!
#35595253975
1!
#35595472975
0!
#35596254000
1!
#35596472975
0!
#35597253975
1!
#35597472975
0!
#35598253975
1!
#35598472975
0!
#35599254000
1!
#35599472975
0!
#35600253975
1!
#35600472975
0!
#35601253975
1!
#35601472975
0!
#35602254000
1!
#35602472975
0!
#35603253975
1!
#35603472975
0!
#35604253975
1!
#35604472975
0!
#35605253975
1!
#35605472975
0!
#35606253975
1!
#35606472975
0!
#35607253975
1!
#35607472975
0!
#35608253975
1!
#35608472975
0!
#35609253975
1!
#35609472975
0!
#35610253975
1!
#35610472975
0!
#35611253975
1!
#35611472975
0!
#35612253975
1!
#35612472975
0!
#35613253975
1!
#35613472975
0!
#35614253975
1!
#35614472975
0!
#35615253975
1!
#35615472975
0!
#35616253975
1!
#35616472975
0!
#35617253975
1!
#35617472975
0!
#35618253975
1!
#35618472975
0!
#35619253975
1!
#35619472975
0!
#35620253975
1!
#35620472975
0!
#35621253975
1!
#35621472975
0!
#35622253975
1!
#35622472975
0!
#35623253975
1!
#35623472975
0!
#35624253975
1!
#35624473000
0!
#35625253975
1!
#35625472975
0!
#35626253975
1!
#35626472975
0!
#35627253975
1!
#35627473000
0!
#35628253975
1!
#35628472975
0!
#35629253975
1!
#35629472975
0!
#35630253975
1!
#35630472975
0!
#35631253975
1!
#35631472975
0!
#35632253975
1!
#35632472975
0!
#35633253975
1!
#35633472975
0!
#35634253975
1!
#35634472975
0!
#35635253975
1!
#35635472975
0!
#35636253975
1!
#35636472975
0!
#35637253975
1!
#35637472975
0!
#35638253975
1!
#35638472975
0!
#35639253975
1!
#35639472975
0!
#35640253975
1!
#35640472975
0!
#35641253975
1!
#35641472975
0!
#35642253975
1!
#35642472975
0!
#35643253975
1!
#35643472975
0!
#35644253975
1!
#35644472975
0!
#35645253975
1!
#35645472975
0!
#35646253975
1!
#35646472975
0!
#35647253975
1!
#35647472975
0!
#35648253975
1!
#35648472975
0!
#35649253975
1!
#35649472975
0!
#35650253975
1!
#35650472975
0!
#35651254000
1!
#35651472975
0!
#35652253975
1!
#35652472975
0!
#35653253975
1!
#35653472975
0!
#35654254000
1!
#35654472975
0!
#35655253975
1!
#35655472975
0!
#35656253975
1!
#35656472975
0!
#35657254000
1!
#35657472975
0!
#35658253975
1!
#35658472975
0!
#35659253975
1!
#35659472975
0!
#35660254000
1!
#35660472975
0!
#35661253975
1!
#35661472975
0!
#35662253975
1!
#35662472975
0!
#35663254000
1!
#35663472975
0!
#35664253975
1!
#35664472975
0!
#35665253975
1!
#35665472975
0!
#35666253975
1!
#35666472975
0!
#35667253975
1!
#35667472975
0!
#35668253975
1!
#35668472975
0!
#35669253975
1!
#35669472975
0!
#35670253975
1!
#35670472975
0!
#35671253975
1!
#35671472975
0!
#35672253975
1!
#35672472975
0!
#35673253975
1!
#35673472975
0!
#35674253975
1!
#35674472975
0!
#35675253975
1!
#35675472975
0!
#35676253975
1!
#35676472975
0!
#35677253975
1!
#35677472975
0!
#35678253975
1!
#35678472975
0!
#35679253975
1!
#35679473000
0!
#35680253975
1!
#35680472975
0!
#35681253975
1!
#35681472975
0!
#35682253975
1!
#35682473000
0!
#35683253975
1!
#35683472975
0!
#35684253975
1!
#35684472975
0!
#35685253975
1!
#35685473000
0!
#35686253975
1!
#35686472975
0!
#35687253975
1!
#35687472975
0!
#35688253975
1!
#35688473000
0!
#35689253975
1!
#35689472975
0!
#35690253975
1!
#35690472975
0!
#35691253975
1!
#35691473000
0!
#35692253975
1!
#35692472975
0!
#35693253975
1!
#35693472975
0!
#35694253975
1!
#35694472975
0!
#35695253975
1!
#35695472975
0!
#35696253975
1!
#35696472975
0!
#35697253975
1!
#35697472975
0!
#35698253975
1!
#35698472975
0!
#35699253975
1!
#35699472975
0!
#35700253975
1!
#35700472975
0!
#35701253975
1!
#35701472975
0!
#35702253975
1!
#35702472975
0!
#35703253975
1!
#35703472975
0!
#35704253975
1!
#35704472975
0!
#35705253975
1!
#35705472975
0!
#35706253975
1!
#35706472975
0!
#35707253975
1!
#35707472975
0!
#35708253975
1!
#35708472975
0!
#35709253975
1!
#35709472975
0!
#35710253975
1!
#35710472975
0!
#35711253975
1!
#35711472975
0!
#35712254000
1!
#35712472975
0!
#35713253975
1!
#35713472975
0!
#35714253975
1!
#35714472975
0!
#35715254000
1!
#35715472975
0!
#35716253975
1!
#35716472975
0!
#35717253975
1!
#35717472975
0!
#35718254000
1!
#35718472975
0!
#35719253975
1!
#35719472975
0!
#35720253975
1!
#35720472975
0!
#35721254000
1!
#35721472975
0!
#35722253975
1!
#35722472975
0!
#35723253975
1!
#35723472975
0!
#35724254000
1!
#35724472975
0!
#35725253975
1!
#35725472975
0!
#35726253975
1!
#35726472975
0!
#35727254000
1!
#35727472975
0!
#35728253975
1!
#35728472975
0!
#35729253975
1!
#35729472975
0!
#35730253975
1!
#35730472975
0!
#35731253975
1!
#35731472975
0!
#35732253975
1!
#35732472975
0!
#35733253975
1!
#35733472975
0!
#35734253975
1!
#35734472975
0!
#35735253975
1!
#35735472975
0!
#35736253975
1!
#35736472975
0!
#35737253975
1!
#35737472975
0!
#35738253975
1!
#35738472975
0!
#35739253975
1!
#35739472975
0!
#35740253975
1!
#35740472975
0!
#35741253975
1!
#35741472975
0!
#35742253975
1!
#35742472975
0!
#35743253975
1!
#35743473000
0!
#35744253975
1!
#35744472975
0!
#35745253975
1!
#35745472975
0!
#35746253975
1!
#35746473000
0!
#35747253975
1!
#35747472975
0!
#35748253975
1!
#35748472975
0!
#35749253975
1!
#35749473000
0!
#35750253975
1!
#35750472975
0!
#35751253975
1!
#35751472975
0!
#35752253975
1!
#35752473000
0!
#35753253975
1!
#35753472975
0!
#35754253975
1!
#35754472975
0!
#35755253975
1!
#35755473000
0!
#35756253975
1!
#35756472975
0!
#35757253975
1!
#35757472975
0!
#35758253975
1!
#35758472975
0!
#35759253975
1!
#35759472975
0!
#35760253975
1!
#35760472975
0!
#35761253975
1!
#35761472975
0!
#35762253975
1!
#35762472975
0!
#35763253975
1!
#35763472975
0!
#35764253975
1!
#35764472975
0!
#35765253975
1!
#35765472975
0!
#35766253975
1!
#35766472975
0!
#35767253975
1!
#35767472975
0!
#35768253975
1!
#35768472975
0!
#35769253975
1!
#35769472975
0!
#35770253975
1!
#35770472975
0!
#35771253975
1!
#35771472975
0!
#35772253975
1!
#35772472975
0!
#35773253975
1!
#35773472975
0!
#35774253975
1!
#35774472975
0!
#35775253975
1!
#35775472975
0!
#35776254000
1!
#35776472975
0!
#35777253975
1!
#35777472975
0!
#35778253975
1!
#35778472975
0!
#35779254000
1!
#35779472975
0!
#35780253975
1!
#35780472975
0!
#35781253975
1!
#35781472975
0!
#35782254000
1!
#35782472975
0!
#35783253975
1!
#35783472975
0!
#35784253975
1!
#35784472975
0!
#35785254000
1!
#35785472975
0!
#35786253975
1!
#35786472975
0!
#35787253975
1!
#35787472975
0!
#35788254000
1!
#35788472975
0!
#35789253975
1!
#35789472975
0!
#35790253975
1!
#35790472975
0!
#35791253975
1!
#35791472975
0!
#35792253975
1!
#35792472975
0!
#35793253975
1!
#35793472975
0!
#35794253975
1!
#35794472975
0!
#35795253975
1!
#35795472975
0!
#35796253975
1!
#35796472975
0!
#35797253975
1!
#35797472975
0!
#35798253975
1!
#35798472975
0!
#35799253975
1!
#35799472975
0!
#35800253975
1!
#35800472975
0!
#35801253975
1!
#35801472975
0!
#35802253975
1!
#35802472975
0!
#35803253975
1!
#35803472975
0!
#35804253975
1!
#35804473000
0!
#35805253975
1!
#35805472975
0!
#35806253975
1!
#35806472975
0!
#35807253975
1!
#35807473000
0!
#35808253975
1!
#35808472975
0!
#35809253975
1!
#35809472975
0!
#35810253975
1!
#35810472975
0!
#35811253975
1!
#35811472975
0!
#35812253975
1!
#35812472975
0!
#35813253975
1!
#35813472975
0!
#35814253975
1!
#35814472975
0!
#35815253975
1!
#35815472975
0!
#35816253975
1!
#35816473000
0!
#35817253975
1!
#35817472975
0!
#35818253975
1!
#35818472975
0!
#35819253975
1!
#35819472975
0!
#35820253975
1!
#35820472975
0!
#35821253975
1!
#35821472975
0!
#35822253975
1!
#35822472975
0!
#35823253975
1!
#35823472975
0!
#35824253975
1!
#35824472975
0!
#35825253975
1!
#35825472975
0!
#35826253975
1!
#35826472975
0!
#35827253975
1!
#35827472975
0!
#35828253975
1!
#35828472975
0!
#35829253975
1!
#35829472975
0!
#35830253975
1!
#35830472975
0!
#35831253975
1!
#35831472975
0!
#35832253975
1!
#35832472975
0!
#35833253975
1!
#35833472975
0!
#35834253975
1!
#35834472975
0!
#35835253975
1!
#35835472975
0!
#35836253975
1!
#35836472975
0!
#35837254000
1!
#35837472975
0!
#35838253975
1!
#35838472975
0!
#35839253975
1!
#35839472975
0!
#35840254000
1!
#35840472975
0!
#35841253975
1!
#35841472975
0!
#35842253975
1!
#35842472975
0!
#35843254000
1!
#35843472975
0!
#35844253975
1!
#35844472975
0!
#35845253975
1!
#35845472975
0!
#35846254000
1!
#35846472975
0!
#35847253975
1!
#35847472975
0!
#35848253975
1!
#35848472975
0!
#35849254000
1!
#35849472975
0!
#35850253975
1!
#35850472975
0!
#35851253975
1!
#35851472975
0!
#35852254000
1!
#35852472975
0!
#35853253975
1!
#35853472975
0!
#35854253975
1!
#35854472975
0!
#35855253975
1!
#35855472975
0!
#35856253975
1!
#35856472975
0!
#35857253975
1!
#35857472975
0!
#35858253975
1!
#35858472975
0!
#35859253975
1!
#35859472975
0!
#35860253975
1!
#35860472975
0!
#35861253975
1!
#35861472975
0!
#35862253975
1!
#35862472975
0!
#35863253975
1!
#35863472975
0!
#35864253975
1!
#35864472975
0!
#35865253975
1!
#35865472975
0!
#35866253975
1!
#35866472975
0!
#35867253975
1!
#35867472975
0!
#35868253975
1!
#35868473000
0!
#35869253975
1!
#35869472975
0!
#35870253975
1!
#35870472975
0!
#35871253975
1!
#35871473000
0!
#35872253975
1!
#35872472975
0!
#35873253975
1!
#35873472975
0!
#35874253975
1!
#35874473000
0!
#35875253975
1!
#35875472975
0!
#35876253975
1!
#35876472975
0!
#35877253975
1!
#35877473000
0!
#35878253975
1!
#35878472975
0!
#35879253975
1!
#35879472975
0!
#35880253975
1!
#35880473000
0!
#35881253975
1!
#35881472975
0!
#35882253975
1!
#35882472975
0!
#35883253975
1!
#35883472975
0!
#35884253975
1!
#35884472975
0!
#35885253975
1!
#35885472975
0!
#35886253975
1!
#35886472975
0!
#35887253975
1!
#35887472975
0!
#35888253975
1!
#35888472975
0!
#35889253975
1!
#35889472975
0!
#35890253975
1!
#35890472975
0!
#35891253975
1!
#35891472975
0!
#35892253975
1!
#35892472975
0!
#35893253975
1!
#35893472975
0!
#35894253975
1!
#35894472975
0!
#35895253975
1!
#35895472975
0!
#35896253975
1!
#35896472975
0!
#35897253975
1!
#35897472975
0!
#35898253975
1!
#35898472975
0!
#35899253975
1!
#35899472975
0!
#35900253975
1!
#35900472975
0!
#35901254000
1!
#35901472975
0!
#35902253975
1!
#35902472975
0!
#35903253975
1!
#35903472975
0!
#35904254000
1!
#35904472975
0!
#35905253975
1!
#35905472975
0!
#35906253975
1!
#35906472975
0!
#35907254000
1!
#35907472975
0!
#35908253975
1!
#35908472975
0!
#35909253975
1!
#35909472975
0!
#35910254000
1!
#35910472975
0!
#35911253975
1!
#35911472975
0!
#35912253975
1!
#35912472975
0!
#35913254000
1!
#35913472975
0!
#35914253975
1!
#35914472975
0!
#35915253975
1!
#35915472975
0!
#35916253975
1!
#35916472975
0!
#35917253975
1!
#35917472975
0!
#35918253975
1!
#35918472975
0!
#35919253975
1!
#35919472975
0!
#35920253975
1!
#35920472975
0!
#35921253975
1!
#35921472975
0!
#35922253975
1!
#35922472975
0!
#35923253975
1!
#35923472975
0!
#35924253975
1!
#35924472975
0!
#35925253975
1!
#35925472975
0!
#35926253975
1!
#35926472975
0!
#35927253975
1!
#35927472975
0!
#35928253975
1!
#35928472975
0!
#35929253975
1!
#35929473000
0!
#35930253975
1!
#35930472975
0!
#35931253975
1!
#35931472975
0!
#35932253975
1!
#35932473000
0!
#35933253975
1!
#35933472975
0!
#35934253975
1!
#35934472975
0!
#35935253975
1!
#35935472975
0!
#35936253975
1!
#35936472975
0!
#35937253975
1!
#35937472975
0!
#35938253975
1!
#35938473000
0!
#35939253975
1!
#35939472975
0!
#35940253975
1!
#35940472975
0!
#35941253975
1!
#35941473000
0!
#35942253975
1!
#35942472975
0!
#35943253975
1!
#35943472975
0!
#35944253975
1!
#35944472975
0!
#35945253975
1!
#35945472975
0!
#35946253975
1!
#35946472975
0!
#35947253975
1!
#35947472975
0!
#35948253975
1!
#35948472975
0!
#35949253975
1!
#35949472975
0!
#35950253975
1!
#35950472975
0!
#35951253975
1!
#35951472975
0!
#35952253975
1!
#35952472975
0!
#35953253975
1!
#35953472975
0!
#35954253975
1!
#35954472975
0!
#35955253975
1!
#35955472975
0!
#35956253975
1!
#35956472975
0!
#35957253975
1!
#35957472975
0!
#35958253975
1!
#35958472975
0!
#35959253975
1!
#35959472975
0!
#35960253975
1!
#35960472975
0!
#35961253975
1!
#35961472975
0!
#35962254000
1!
#35962472975
0!
#35963253975
1!
#35963472975
0!
#35964253975
1!
#35964472975
0!
#35965254000
1!
#35965472975
0!
#35966253975
1!
#35966472975
0!
#35967253975
1!
#35967472975
0!
#35968254000
1!
#35968472975
0!
#35969253975
1!
#35969472975
0!
#35970253975
1!
#35970472975
0!
#35971254000
1!
#35971472975
0!
#35972253975
1!
#35972472975
0!
#35973253975
1!
#35973472975
0!
#35974254000
1!
#35974472975
0!
#35975253975
1!
#35975472975
0!
#35976253975
1!
#35976472975
0!
#35977254000
1!
#35977472975
0!
#35978253975
1!
#35978472975
0!
#35979253975
1!
#35979472975
0!
#35980253975
1!
#35980472975
0!
#35981253975
1!
#35981472975
0!
#35982253975
1!
#35982472975
0!
#35983253975
1!
#35983472975
0!
#35984253975
1!
#35984472975
0!
#35985253975
1!
#35985472975
0!
#35986253975
1!
#35986472975
0!
#35987253975
1!
#35987472975
0!
#35988253975
1!
#35988472975
0!
#35989253975
1!
#35989472975
0!
#35990253975
1!
#35990472975
0!
#35991253975
1!
#35991472975
0!
#35992253975
1!
#35992472975
0!
#35993253975
1!
#35993472975
0!
#35994253975
1!
#35994472975
0!
#35995253975
1!
#35995472975
0!
#35996253975
1!
#35996473000
0!
#35997253975
1!
#35997472975
0!
#35998253975
1!
#35998472975
0!
#35999253975
1!
#35999473000
0!
#36000253975
1!
#36000472975
0!
#36001253975
1!
#36001472975
0!
#36002253975
1!
#36002472975
0!
#36003253975
1!
#36003472975
0!
#36004253975
1!
#36004472975
0!
#36005253975
1!
#36005472975
0!
#36006253975
1!
#36006472975
0!
#36007253975
1!
#36007472975
0!
#36008253975
1!
#36008472975
0!
#36009253975
1!
#36009472975
0!
#36010253975
1!
#36010472975
0!
#36011253975
1!
#36011472975
0!
#36012253975
1!
#36012472975
0!
#36013253975
1!
#36013472975
0!
#36014253975
1!
#36014472975
0!
#36015253975
1!
#36015472975
0!
#36016253975
1!
#36016472975
0!
#36017253975
1!
#36017472975
0!
#36018253975
1!
#36018472975
0!
#36019253975
1!
#36019472975
0!
#36020253975
1!
#36020472975
0!
#36021253975
1!
#36021472975
0!
#36022253975
1!
#36022472975
0!
#36023253975
1!
#36023472975
0!
#36024253975
1!
#36024472975
0!
#36025253975
1!
#36025472975
0!
#36026254000
1!
#36026472975
0!
#36027253975
1!
#36027472975
0!
#36028253975
1!
#36028472975
0!
#36029254000
1!
#36029472975
0!
#36030253975
1!
#36030472975
0!
#36031253975
1!
#36031472975
0!
#36032254000
1!
#36032472975
0!
#36033253975
1!
#36033472975
0!
#36034253975
1!
#36034472975
0!
#36035254000
1!
#36035472975
0!
#36036253975
1!
#36036472975
0!
#36037253975
1!
#36037472975
0!
#36038254000
1!
#36038472975
0!
#36039253975
1!
#36039472975
0!
#36040253975
1!
#36040472975
0!
#36041253975
1!
#36041472975
0!
#36042253975
1!
#36042472975
0!
#36043253975
1!
#36043472975
0!
#36044253975
1!
#36044472975
0!
#36045253975
1!
#36045472975
0!
#36046253975
1!
#36046472975
0!
#36047253975
1!
#36047472975
0!
#36048253975
1!
#36048472975
0!
#36049253975
1!
#36049472975
0!
#36050253975
1!
#36050472975
0!
#36051253975
1!
#36051472975
0!
#36052253975
1!
#36052472975
0!
#36053253975
1!
#36053472975
0!
#36054253975
1!
#36054473000
0!
#36055253975
1!
#36055472975
0!
#36056253975
1!
#36056472975
0!
#36057253975
1!
#36057473000
0!
#36058253975
1!
#36058472975
0!
#36059253975
1!
#36059472975
0!
#36060253975
1!
#36060473000
0!
#36061253975
1!
#36061472975
0!
#36062253975
1!
#36062472975
0!
#36063253975
1!
#36063473000
0!
#36064253975
1!
#36064472975
0!
#36065253975
1!
#36065472975
0!
#36066253975
1!
#36066473000
0!
#36067253975
1!
#36067472975
0!
#36068253975
1!
#36068472975
0!
#36069253975
1!
#36069472975
0!
#36070253975
1!
#36070472975
0!
#36071253975
1!
#36071472975
0!
#36072253975
1!
#36072472975
0!
#36073253975
1!
#36073472975
0!
#36074253975
1!
#36074472975
0!
#36075253975
1!
#36075472975
0!
#36076253975
1!
#36076472975
0!
#36077253975
1!
#36077472975
0!
#36078253975
1!
#36078472975
0!
#36079253975
1!
#36079472975
0!
#36080253975
1!
#36080472975
0!
#36081253975
1!
#36081472975
0!
#36082253975
1!
#36082472975
0!
#36083253975
1!
#36083472975
0!
#36084253975
1!
#36084472975
0!
#36085253975
1!
#36085472975
0!
#36086253975
1!
#36086472975
0!
#36087254000
1!
#36087472975
0!
#36088253975
1!
#36088472975
0!
#36089253975
1!
#36089472975
0!
#36090254000
1!
#36090472975
0!
#36091253975
1!
#36091472975
0!
#36092253975
1!
#36092472975
0!
#36093254000
1!
#36093472975
0!
#36094253975
1!
#36094472975
0!
#36095253975
1!
#36095472975
0!
#36096254000
1!
#36096472975
0!
#36097253975
1!
#36097472975
0!
#36098253975
1!
#36098472975
0!
#36099254000
1!
#36099472975
0!
#36100253975
1!
#36100472975
0!
#36101253975
1!
#36101472975
0!
#36102254000
1!
#36102472975
0!
#36103253975
1!
#36103472975
0!
#36104253975
1!
#36104472975
0!
#36105253975
1!
#36105472975
0!
#36106253975
1!
#36106472975
0!
#36107253975
1!
#36107472975
0!
#36108253975
1!
#36108472975
0!
#36109253975
1!
#36109472975
0!
#36110253975
1!
#36110472975
0!
#36111253975
1!
#36111472975
0!
#36112253975
1!
#36112472975
0!
#36113253975
1!
#36113472975
0!
#36114253975
1!
#36114472975
0!
#36115253975
1!
#36115472975
0!
#36116253975
1!
#36116472975
0!
#36117253975
1!
#36117472975
0!
#36118253975
1!
#36118473000
0!
#36119253975
1!
#36119472975
0!
#36120253975
1!
#36120472975
0!
#36121253975
1!
#36121472975
0!
#36122253975
1!
#36122472975
0!
#36123253975
1!
#36123472975
0!
#36124253975
1!
#36124473000
0!
#36125253975
1!
#36125472975
0!
#36126253975
1!
#36126472975
0!
#36127253975
1!
#36127472975
0!
#36128253975
1!
#36128472975
0!
#36129253975
1!
#36129472975
0!
#36130253975
1!
#36130473000
0!
#36131253975
1!
#36131472975
0!
#36132253975
1!
#36132472975
0!
#36133253975
1!
#36133472975
0!
#36134253975
1!
#36134472975
0!
#36135253975
1!
#36135472975
0!
#36136253975
1!
#36136472975
0!
#36137253975
1!
#36137472975
0!
#36138253975
1!
#36138472975
0!
#36139253975
1!
#36139472975
0!
#36140253975
1!
#36140472975
0!
#36141253975
1!
#36141472975
0!
#36142253975
1!
#36142472975
0!
#36143253975
1!
#36143472975
0!
#36144253975
1!
#36144472975
0!
#36145253975
1!
#36145472975
0!
#36146253975
1!
#36146472975
0!
#36147253975
1!
#36147472975
0!
#36148253975
1!
#36148472975
0!
#36149253975
1!
#36149472975
0!
#36150253975
1!
#36150472975
0!
#36151254000
1!
#36151472975
0!
#36152253975
1!
#36152472975
0!
#36153253975
1!
#36153472975
0!
#36154254000
1!
#36154472975
0!
#36155253975
1!
#36155472975
0!
#36156253975
1!
#36156472975
0!
#36157254000
1!
#36157472975
0!
#36158253975
1!
#36158472975
0!
#36159253975
1!
#36159472975
0!
#36160254000
1!
#36160472975
0!
#36161253975
1!
#36161472975
0!
#36162253975
1!
#36162472975
0!
#36163254000
1!
#36163472975
0!
#36164253975
1!
#36164472975
0!
#36165253975
1!
#36165472975
0!
#36166253975
1!
#36166472975
0!
#36167253975
1!
#36167472975
0!
#36168253975
1!
#36168472975
0!
#36169253975
1!
#36169472975
0!
#36170253975
1!
#36170472975
0!
#36171253975
1!
#36171472975
0!
#36172253975
1!
#36172472975
0!
#36173253975
1!
#36173472975
0!
#36174253975
1!
#36174472975
0!
#36175253975
1!
#36175472975
0!
#36176253975
1!
#36176472975
0!
#36177253975
1!
#36177472975
0!
#36178253975
1!
#36178472975
0!
#36179253975
1!
#36179473000
0!
#36180253975
1!
#36180472975
0!
#36181253975
1!
#36181472975
0!
#36182253975
1!
#36182472975
0!
#36183253975
1!
#36183472975
0!
#36184253975
1!
#36184472975
0!
#36185253975
1!
#36185473000
0!
#36186253975
1!
#36186472975
0!
#36187253975
1!
#36187472975
0!
#36188253975
1!
#36188473000
0!
#36189253975
1!
#36189472975
0!
#36190253975
1!
#36190472975
0!
#36191253975
1!
#36191473000
0!
#36192253975
1!
#36192472975
0!
#36193253975
1!
#36193472975
0!
#36194253975
1!
#36194472975
0!
#36195253975
1!
#36195472975
0!
#36196253975
1!
#36196472975
0!
#36197253975
1!
#36197472975
0!
#36198253975
1!
#36198472975
0!
#36199253975
1!
#36199472975
0!
#36200253975
1!
#36200472975
0!
#36201253975
1!
#36201472975
0!
#36202253975
1!
#36202472975
0!
#36203253975
1!
#36203472975
0!
#36204253975
1!
#36204472975
0!
#36205253975
1!
#36205472975
0!
#36206253975
1!
#36206472975
0!
#36207253975
1!
#36207472975
0!
#36208253975
1!
#36208472975
0!
#36209253975
1!
#36209472975
0!
#36210253975
1!
#36210472975
0!
#36211253975
1!
#36211472975
0!
#36212254000
1!
#36212472975
0!
#36213253975
1!
#36213472975
0!
#36214253975
1!
#36214472975
0!
#36215254000
1!
#36215472975
0!
#36216253975
1!
#36216472975
0!
#36217253975
1!
#36217472975
0!
#36218254000
1!
#36218472975
0!
#36219253975
1!
#36219472975
0!
#36220253975
1!
#36220472975
0!
#36221254000
1!
#36221472975
0!
#36222253975
1!
#36222472975
0!
#36223253975
1!
#36223472975
0!
#36224254000
1!
#36224472975
0!
#36225253975
1!
#36225472975
0!
#36226253975
1!
#36226472975
0!
#36227254000
1!
#36227472975
0!
#36228253975
1!
#36228472975
0!
#36229253975
1!
#36229472975
0!
#36230253975
1!
#36230472975
0!
#36231253975
1!
#36231472975
0!
#36232253975
1!
#36232472975
0!
#36233253975
1!
#36233472975
0!
#36234253975
1!
#36234472975
0!
#36235253975
1!
#36235472975
0!
#36236253975
1!
#36236472975
0!
#36237253975
1!
#36237472975
0!
#36238253975
1!
#36238472975
0!
#36239253975
1!
#36239472975
0!
#36240253975
1!
#36240472975
0!
#36241253975
1!
#36241472975
0!
#36242253975
1!
#36242472975
0!
#36243253975
1!
#36243473000
0!
#36244253975
1!
#36244472975
0!
#36245253975
1!
#36245472975
0!
#36246253975
1!
#36246473000
0!
#36247253975
1!
#36247472975
0!
#36248253975
1!
#36248472975
0!
#36249253975
1!
#36249473000
0!
#36250253975
1!
#36250472975
0!
#36251253975
1!
#36251472975
0!
#36252253975
1!
#36252473000
0!
#36253253975
1!
#36253472975
0!
#36254253975
1!
#36254472975
0!
#36255253975
1!
#36255473000
0!
#36256253975
1!
#36256472975
0!
#36257253975
1!
#36257472975
0!
#36258253975
1!
#36258472975
0!
#36259253975
1!
#36259472975
0!
#36260253975
1!
#36260472975
0!
#36261253975
1!
#36261472975
0!
#36262253975
1!
#36262472975
0!
#36263253975
1!
#36263472975
0!
#36264253975
1!
#36264472975
0!
#36265253975
1!
#36265472975
0!
#36266253975
1!
#36266472975
0!
#36267253975
1!
#36267472975
0!
#36268253975
1!
#36268472975
0!
#36269253975
1!
#36269472975
0!
#36270253975
1!
#36270472975
0!
#36271253975
1!
#36271472975
0!
#36272253975
1!
#36272472975
0!
#36273253975
1!
#36273472975
0!
#36274253975
1!
#36274472975
0!
#36275253975
1!
#36275472975
0!
#36276254000
1!
#36276472975
0!
#36277253975
1!
#36277472975
0!
#36278253975
1!
#36278472975
0!
#36279254000
1!
#36279472975
0!
#36280253975
1!
#36280472975
0!
#36281253975
1!
#36281472975
0!
#36282254000
1!
#36282472975
0!
#36283253975
1!
#36283472975
0!
#36284253975
1!
#36284472975
0!
#36285254000
1!
#36285472975
0!
#36286253975
1!
#36286472975
0!
#36287253975
1!
#36287472975
0!
#36288254000
1!
#36288472975
0!
#36289253975
1!
#36289472975
0!
#36290253975
1!
#36290472975
0!
#36291253975
1!
#36291472975
0!
#36292253975
1!
#36292472975
0!
#36293253975
1!
#36293472975
0!
#36294253975
1!
#36294472975
0!
#36295253975
1!
#36295472975
0!
#36296253975
1!
#36296472975
0!
#36297253975
1!
#36297472975
0!
#36298253975
1!
#36298472975
0!
#36299253975
1!
#36299472975
0!
#36300253975
1!
#36300472975
0!
#36301253975
1!
#36301472975
0!
#36302253975
1!
#36302472975
0!
#36303253975
1!
#36303472975
0!
#36304253975
1!
#36304473000
0!
#36305253975
1!
#36305472975
0!
#36306253975
1!
#36306472975
0!
#36307253975
1!
#36307472975
0!
#36308253975
1!
#36308472975
0!
#36309253975
1!
#36309472975
0!
#36310253975
1!
#36310473000
0!
#36311253975
1!
#36311472975
0!
#36312253975
1!
#36312472975
0!
#36313253975
1!
#36313473000
0!
#36314253975
1!
#36314472975
0!
#36315253975
1!
#36315472975
0!
#36316253975
1!
#36316473000
0!
#36317253975
1!
#36317472975
0!
#36318253975
1!
#36318472975
0!
#36319253975
1!
#36319472975
0!
#36320253975
1!
#36320472975
0!
#36321253975
1!
#36321472975
0!
#36322253975
1!
#36322472975
0!
#36323253975
1!
#36323472975
0!
#36324253975
1!
#36324472975
0!
#36325253975
1!
#36325472975
0!
#36326253975
1!
#36326472975
0!
#36327253975
1!
#36327472975
0!
#36328253975
1!
#36328472975
0!
#36329253975
1!
#36329472975
0!
#36330253975
1!
#36330472975
0!
#36331253975
1!
#36331472975
0!
#36332253975
1!
#36332472975
0!
#36333253975
1!
#36333472975
0!
#36334253975
1!
#36334472975
0!
#36335253975
1!
#36335472975
0!
#36336253975
1!
#36336472975
0!
#36337254000
1!
#36337472975
0!
#36338253975
1!
#36338472975
0!
#36339253975
1!
#36339472975
0!
#36340254000
1!
#36340472975
0!
#36341253975
1!
#36341472975
0!
#36342253975
1!
#36342472975
0!
#36343254000
1!
#36343472975
0!
#36344253975
1!
#36344472975
0!
#36345253975
1!
#36345472975
0!
#36346254000
1!
#36346472975
0!
#36347253975
1!
#36347472975
0!
#36348253975
1!
#36348472975
0!
#36349254000
1!
#36349472975
0!
#36350253975
1!
#36350472975
0!
#36351253975
1!
#36351472975
0!
#36352254000
1!
#36352472975
0!
#36353253975
1!
#36353472975
0!
#36354253975
1!
#36354472975
0!
#36355253975
1!
#36355472975
0!
#36356253975
1!
#36356472975
0!
#36357253975
1!
#36357472975
0!
#36358253975
1!
#36358472975
0!
#36359253975
1!
#36359472975
0!
#36360253975
1!
#36360472975
0!
#36361253975
1!
#36361472975
0!
#36362253975
1!
#36362472975
0!
#36363253975
1!
#36363472975
0!
#36364253975
1!
#36364472975
0!
#36365253975
1!
#36365472975
0!
#36366253975
1!
#36366472975
0!
#36367253975
1!
#36367472975
0!
#36368253975
1!
#36368473000
0!
#36369253975
1!
#36369472975
0!
#36370253975
1!
#36370472975
0!
#36371253975
1!
#36371473000
0!
#36372253975
1!
#36372472975
0!
#36373253975
1!
#36373472975
0!
#36374253975
1!
#36374473000
0!
#36375253975
1!
#36375472975
0!
#36376253975
1!
#36376472975
0!
#36377253975
1!
#36377473000
0!
#36378253975
1!
#36378472975
0!
#36379253975
1!
#36379472975
0!
#36380253975
1!
#36380473000
0!
#36381253975
1!
#36381472975
0!
#36382253975
1!
#36382472975
0!
#36383253975
1!
#36383472975
0!
#36384253975
1!
#36384472975
0!
#36385253975
1!
#36385472975
0!
#36386253975
1!
#36386472975
0!
#36387253975
1!
#36387472975
0!
#36388253975
1!
#36388472975
0!
#36389253975
1!
#36389472975
0!
#36390253975
1!
#36390472975
0!
#36391253975
1!
#36391472975
0!
#36392253975
1!
#36392472975
0!
#36393253975
1!
#36393472975
0!
#36394253975
1!
#36394472975
0!
#36395253975
1!
#36395472975
0!
#36396253975
1!
#36396472975
0!
#36397253975
1!
#36397472975
0!
#36398253975
1!
#36398472975
0!
#36399253975
1!
#36399472975
0!
#36400253975
1!
#36400472975
0!
#36401254000
1!
#36401472975
0!
#36402253975
1!
#36402472975
0!
#36403253975
1!
#36403472975
0!
#36404254000
1!
#36404472975
0!
#36405253975
1!
#36405472975
0!
#36406253975
1!
#36406472975
0!
#36407254000
1!
#36407472975
0!
#36408253975
1!
#36408472975
0!
#36409253975
1!
#36409472975
0!
#36410254000
1!
#36410472975
0!
#36411253975
1!
#36411472975
0!
#36412253975
1!
#36412472975
0!
#36413254000
1!
#36413472975
0!
#36414253975
1!
#36414472975
0!
#36415253975
1!
#36415472975
0!
#36416253975
1!
#36416472975
0!
#36417253975
1!
#36417472975
0!
#36418253975
1!
#36418472975
0!
#36419253975
1!
#36419472975
0!
#36420253975
1!
#36420472975
0!
#36421253975
1!
#36421472975
0!
#36422253975
1!
#36422472975
0!
#36423253975
1!
#36423472975
0!
#36424253975
1!
#36424472975
0!
#36425253975
1!
#36425472975
0!
#36426253975
1!
#36426472975
0!
#36427253975
1!
#36427472975
0!
#36428253975
1!
#36428472975
0!
#36429253975
1!
#36429473000
0!
#36430253975
1!
#36430472975
0!
#36431253975
1!
#36431472975
0!
#36432253975
1!
#36432473000
0!
#36433253975
1!
#36433472975
0!
#36434253975
1!
#36434472975
0!
#36435253975
1!
#36435473000
0!
#36436253975
1!
#36436472975
0!
#36437253975
1!
#36437472975
0!
#36438253975
1!
#36438473000
0!
#36439253975
1!
#36439472975
0!
#36440253975
1!
#36440472975
0!
#36441253975
1!
#36441472975
0!
#36442253975
1!
#36442472975
0!
#36443253975
1!
#36443472975
0!
#36444253975
1!
#36444472975
0!
#36445253975
1!
#36445472975
0!
#36446253975
1!
#36446472975
0!
#36447253975
1!
#36447472975
0!
#36448253975
1!
#36448472975
0!
#36449253975
1!
#36449472975
0!
#36450253975
1!
#36450472975
0!
#36451253975
1!
#36451472975
0!
#36452253975
1!
#36452472975
0!
#36453253975
1!
#36453472975
0!
#36454253975
1!
#36454472975
0!
#36455253975
1!
#36455472975
0!
#36456253975
1!
#36456472975
0!
#36457253975
1!
#36457472975
0!
#36458253975
1!
#36458472975
0!
#36459253975
1!
#36459472975
0!
#36460253975
1!
#36460472975
0!
#36461253975
1!
#36461472975
0!
#36462254000
1!
#36462472975
0!
#36463253975
1!
#36463472975
0!
#36464253975
1!
#36464472975
0!
#36465254000
1!
#36465472975
0!
#36466253975
1!
#36466472975
0!
#36467253975
1!
#36467472975
0!
#36468254000
1!
#36468472975
0!
#36469253975
1!
#36469472975
0!
#36470253975
1!
#36470472975
0!
#36471254000
1!
#36471472975
0!
#36472253975
1!
#36472472975
0!
#36473253975
1!
#36473472975
0!
#36474254000
1!
#36474472975
0!
#36475253975
1!
#36475472975
0!
#36476253975
1!
#36476472975
0!
#36477254000
1!
#36477472975
0!
#36478253975
1!
#36478472975
0!
#36479253975
1!
#36479472975
0!
#36480253975
1!
#36480472975
0!
#36481253975
1!
#36481472975
0!
#36482253975
1!
#36482472975
0!
#36483253975
1!
#36483472975
0!
#36484253975
1!
#36484472975
0!
#36485253975
1!
#36485472975
0!
#36486253975
1!
#36486472975
0!
#36487253975
1!
#36487472975
0!
#36488253975
1!
#36488472975
0!
#36489253975
1!
#36489472975
0!
#36490253975
1!
#36490472975
0!
#36491253975
1!
#36491472975
0!
#36492253975
1!
#36492472975
0!
#36493253975
1!
#36493473000
0!
#36494253975
1!
#36494472975
0!
#36495253975
1!
#36495472975
0!
#36496253975
1!
#36496473000
0!
#36497253975
1!
#36497472975
0!
#36498253975
1!
#36498472975
0!
#36499253975
1!
#36499472975
0!
#36500253975
1!
#36500472975
0!
#36501253975
1!
#36501472975
0!
#36502253975
1!
#36502473000
0!
#36503253975
1!
#36503472975
0!
#36504253975
1!
#36504472975
0!
#36505253975
1!
#36505473000
0!
#36506253975
1!
#36506472975
0!
#36507253975
1!
#36507472975
0!
#36508253975
1!
#36508472975
0!
#36509253975
1!
#36509472975
0!
#36510253975
1!
#36510472975
0!
#36511253975
1!
#36511472975
0!
#36512253975
1!
#36512472975
0!
#36513253975
1!
#36513472975
0!
#36514253975
1!
#36514472975
0!
#36515253975
1!
#36515472975
0!
#36516253975
1!
#36516472975
0!
#36517253975
1!
#36517472975
0!
#36518253975
1!
#36518472975
0!
#36519253975
1!
#36519472975
0!
#36520253975
1!
#36520472975
0!
#36521253975
1!
#36521472975
0!
#36522253975
1!
#36522472975
0!
#36523253975
1!
#36523472975
0!
#36524253975
1!
#36524472975
0!
#36525253975
1!
#36525472975
0!
#36526254000
1!
#36526472975
0!
#36527253975
1!
#36527472975
0!
#36528253975
1!
#36528472975
0!
#36529254000
1!
#36529472975
0!
#36530253975
1!
#36530472975
0!
#36531253975
1!
#36531472975
0!
#36532254000
1!
#36532472975
0!
#36533253975
1!
#36533472975
0!
#36534253975
1!
#36534472975
0!
#36535254000
1!
#36535472975
0!
#36536253975
1!
#36536472975
0!
#36537253975
1!
#36537472975
0!
#36538254000
1!
#36538472975
0!
#36539253975
1!
#36539472975
0!
#36540253975
1!
#36540472975
0!
#36541253975
1!
#36541472975
0!
#36542253975
1!
#36542472975
0!
#36543253975
1!
#36543472975
0!
#36544253975
1!
#36544472975
0!
#36545253975
1!
#36545472975
0!
#36546253975
1!
#36546472975
0!
#36547253975
1!
#36547472975
0!
#36548253975
1!
#36548472975
0!
#36549253975
1!
#36549472975
0!
#36550253975
1!
#36550472975
0!
#36551253975
1!
#36551472975
0!
#36552253975
1!
#36552472975
0!
#36553253975
1!
#36553472975
0!
#36554253975
1!
#36554473000
0!
#36555253975
1!
#36555472975
0!
#36556253975
1!
#36556472975
0!
#36557253975
1!
#36557473000
0!
#36558253975
1!
#36558472975
0!
#36559253975
1!
#36559472975
0!
#36560253975
1!
#36560473000
0!
#36561253975
1!
#36561472975
0!
#36562253975
1!
#36562472975
0!
#36563253975
1!
#36563473000
0!
#36564253975
1!
#36564472975
0!
#36565253975
1!
#36565472975
0!
#36566253975
1!
#36566473000
0!
#36567253975
1!
#36567472975
0!
#36568253975
1!
#36568472975
0!
#36569253975
1!
#36569472975
0!
#36570253975
1!
#36570472975
0!
#36571253975
1!
#36571472975
0!
#36572253975
1!
#36572472975
0!
#36573253975
1!
#36573472975
0!
#36574253975
1!
#36574472975
0!
#36575253975
1!
#36575472975
0!
#36576253975
1!
#36576472975
0!
#36577253975
1!
#36577472975
0!
#36578253975
1!
#36578472975
0!
#36579253975
1!
#36579472975
0!
#36580253975
1!
#36580472975
0!
#36581253975
1!
#36581472975
0!
#36582253975
1!
#36582472975
0!
#36583253975
1!
#36583472975
0!
#36584253975
1!
#36584472975
0!
#36585253975
1!
#36585472975
0!
#36586253975
1!
#36586472975
0!
#36587254000
1!
#36587472975
0!
#36588253975
1!
#36588472975
0!
#36589253975
1!
#36589472975
0!
#36590254000
1!
#36590472975
0!
#36591253975
1!
#36591472975
0!
#36592253975
1!
#36592472975
0!
#36593254000
1!
#36593472975
0!
#36594253975
1!
#36594472975
0!
#36595253975
1!
#36595472975
0!
#36596254000
1!
#36596472975
0!
#36597253975
1!
#36597472975
0!
#36598253975
1!
#36598472975
0!
#36599254000
1!
#36599472975
0!
#36600253975
1!
#36600472975
0!
#36601253975
1!
#36601472975
0!
#36602254000
1!
#36602472975
0!
#36603253975
1!
#36603472975
0!
#36604253975
1!
#36604472975
0!
#36605253975
1!
#36605472975
0!
#36606253975
1!
#36606472975
0!
#36607253975
1!
#36607472975
0!
#36608253975
1!
#36608472975
0!
#36609253975
1!
#36609472975
0!
#36610253975
1!
#36610472975
0!
#36611253975
1!
#36611472975
0!
#36612253975
1!
#36612472975
0!
#36613253975
1!
#36613472975
0!
#36614253975
1!
#36614472975
0!
#36615253975
1!
#36615472975
0!
#36616253975
1!
#36616472975
0!
#36617253975
1!
#36617472975
0!
#36618253975
1!
#36618473000
0!
#36619253975
1!
#36619472975
0!
#36620253975
1!
#36620472975
0!
#36621253975
1!
#36621473000
0!
#36622253975
1!
#36622472975
0!
#36623253975
1!
#36623472975
0!
#36624253975
1!
#36624473000
0!
#36625253975
1!
#36625472975
0!
#36626253975
1!
#36626472975
0!
#36627253975
1!
#36627473000
0!
#36628253975
1!
#36628472975
0!
#36629253975
1!
#36629472975
0!
#36630253975
1!
#36630473000
0!
#36631253975
1!
#36631472975
0!
#36632253975
1!
#36632472975
0!
#36633253975
1!
#36633472975
0!
#36634253975
1!
#36634472975
0!
#36635253975
1!
#36635472975
0!
#36636253975
1!
#36636472975
0!
#36637253975
1!
#36637472975
0!
#36638253975
1!
#36638472975
0!
#36639253975
1!
#36639472975
0!
#36640253975
1!
#36640472975
0!
#36641253975
1!
#36641472975
0!
#36642253975
1!
#36642472975
0!
#36643253975
1!
#36643472975
0!
#36644253975
1!
#36644472975
0!
#36645253975
1!
#36645472975
0!
#36646253975
1!
#36646472975
0!
#36647253975
1!
#36647472975
0!
#36648253975
1!
#36648472975
0!
#36649253975
1!
#36649472975
0!
#36650253975
1!
#36650472975
0!
#36651254000
1!
#36651472975
0!
#36652253975
1!
#36652472975
0!
#36653253975
1!
#36653472975
0!
#36654254000
1!
#36654472975
0!
#36655253975
1!
#36655472975
0!
#36656253975
1!
#36656472975
0!
#36657254000
1!
#36657472975
0!
#36658253975
1!
#36658472975
0!
#36659253975
1!
#36659472975
0!
#36660254000
1!
#36660472975
0!
#36661253975
1!
#36661472975
0!
#36662253975
1!
#36662472975
0!
#36663254000
1!
#36663472975
0!
#36664253975
1!
#36664472975
0!
#36665253975
1!
#36665472975
0!
#36666253975
1!
#36666472975
0!
#36667253975
1!
#36667472975
0!
#36668253975
1!
#36668472975
0!
#36669253975
1!
#36669472975
0!
#36670253975
1!
#36670472975
0!
#36671253975
1!
#36671472975
0!
#36672253975
1!
#36672472975
0!
#36673253975
1!
#36673472975
0!
#36674253975
1!
#36674472975
0!
#36675253975
1!
#36675472975
0!
#36676253975
1!
#36676472975
0!
#36677253975
1!
#36677472975
0!
#36678253975
1!
#36678472975
0!
#36679253975
1!
#36679472975
0!
#36680253975
1!
#36680472975
0!
#36681253975
1!
#36681472975
0!
#36682253975
1!
#36682473000
0!
#36683253975
1!
#36683472975
0!
#36684253975
1!
#36684472975
0!
#36685253975
1!
#36685473000
0!
#36686253975
1!
#36686472975
0!
#36687253975
1!
#36687472975
0!
#36688253975
1!
#36688473000
0!
#36689253975
1!
#36689472975
0!
#36690253975
1!
#36690472975
0!
#36691253975
1!
#36691473000
0!
#36692253975
1!
#36692472975
0!
#36693253975
1!
#36693472975
0!
#36694253975
1!
#36694472975
0!
#36695253975
1!
#36695472975
0!
#36696253975
1!
#36696472975
0!
#36697253975
1!
#36697472975
0!
#36698253975
1!
#36698472975
0!
#36699253975
1!
#36699472975
0!
#36700253975
1!
#36700472975
0!
#36701253975
1!
#36701472975
0!
#36702253975
1!
#36702472975
0!
#36703253975
1!
#36703472975
0!
#36704253975
1!
#36704472975
0!
#36705253975
1!
#36705472975
0!
#36706253975
1!
#36706472975
0!
#36707253975
1!
#36707472975
0!
#36708253975
1!
#36708472975
0!
#36709253975
1!
#36709472975
0!
#36710253975
1!
#36710472975
0!
#36711253975
1!
#36711472975
0!
#36712254000
1!
#36712472975
0!
#36713253975
1!
#36713472975
0!
#36714253975
1!
#36714472975
0!
#36715254000
1!
#36715472975
0!
#36716253975
1!
#36716472975
0!
#36717253975
1!
#36717472975
0!
#36718254000
1!
#36718472975
0!
#41060253975
1!
#41060753975
0!
#41061253975
1!
#41061753975
0!
#41062253975
1!
#41062753975
0!
#41063253975
1!
#41063753975
0!
#41064253975
1!
#41064753975
0!
#41065253975
1!
#41065753975
0!
#41066253975
1!
#41066753975
0!
#41067253975
1!
#41067753975
0!
#41068253975
1!
#41068753975
0!
#41069253975
1!
#41069753975
0!
#41070253975
1!
#41070753975
0!
#41071253975
1!
#41071753975
0!
#41072253975
1!
#41072753975
0!
#41073253975
1!
#41073753975
0!
#41074253975
1!
#41074753975
0!
#41075253975
1!
#41075753975
0!
#41076253975
1!
#41076753975
0!
#41077253975
1!
#41077753975
0!
#41078253975
1!
#41078753975
0!
#41079253975
1!
#41079753975
0!
#41080253975
1!
#41080753975
0!
#41081253975
1!
#41081753975
0!
#41082253975
1!
#41082753975
0!
#41083253975
1!
#41083753975
0!
#41084253975
1!
#41084753975
0!
#41085253975
1!
#41085753975
0!
#41086253975
1!
#41086753975
0!
#41087253975
1!
#41087753975
0!
#41088253975
1!
#41088754000
0!
#41089253975
1!
#41089753975
0!
#41090254000
1!
#41090753975
0!
#41091253975
1!
#41091754000
0!
#41092253975
1!
#41092753975
0!
#41093253975
1!
#41093753975
0!
#41094253975
1!
#41094754000
0!
#41095253975
1!
#41095753975
0!
#41096253975
1!
#41096753975
0!
#41097253975
1!
#41097754000
0!
#41098253975
1!
#41098753975
0!
#41099253975
1!
#41099753975
0!
#41100253975
1!
#41100754000
0!
#41101253975
1!
#41101753975
0!
#41102253975
1!
#41102753975
0!
#41103253975
1!
#41103753975
0!
#41104253975
1!
#41104753975
0!
#41105253975
1!
#41105753975
0!
#41106253975
1!
#41106753975
0!
#41107253975
1!
#41107753975
0!
#41108253975
1!
#41108753975
0!
#41109253975
1!
#41109753975
0!
#41110253975
1!
#41110753975
0!
#41111253975
1!
#41111753975
0!
#41112253975
1!
#41112753975
0!
#41113253975
1!
#41113753975
0!
#41114253975
1!
#41114753975
0!
#41115253975
1!
#41115753975
0!
#41116253975
1!
#41116753975
0!
#41117253975
1!
#41117753975
0!
#41118253975
1!
#41118753975
0!
#41119253975
1!
#41119753975
0!
#41120253975
1!
#41120753975
0!
#41121253975
1!
#41121753975
0!
#41122253975
1!
#41122753975
0!
#41123253975
1!
#41123753975
0!
#41124253975
1!
#41124753975
0!
#41125253975
1!
#41125753975
0!
#41126253975
1!
#41126753975
0!
#41127253975
1!
#41127753975
0!
#41128253975
1!
#41128753975
0!
#41129253975
1!
#41129753975
0!
#41130253975
1!
#41130753975
0!
#41131253975
1!
#41131753975
0!
#41132253975
1!
#41132753975
0!
#41133253975
1!
#41133753975
0!
#41134253975
1!
#41134753975
0!
#41135253975
1!
#41135753975
0!
#41136253975
1!
#41136753975
0!
#41137253975
1!
#41137753975
0!
#41138253975
1!
#41138753975
0!
#41139253975
1!
#41139753975
0!
#41140253975
1!
#41140753975
0!
#41141253975
1!
#41141753975
0!
#41142253975
1!
#41142753975
0!
#41143253975
1!
#41143753975
0!
#41144253975
1!
#41144753975
0!
#41145253975
1!
#41145753975
0!
#41146253975
1!
#41146753975
0!
#41147253975
1!
#41147753975
0!
#41148253975
1!
#41148753975
0!
#41149253975
1!
#41149754000
0!
#41150253975
1!
#41150753975
0!
#41151253975
1!
#41151753975
0!
#41152253975
1!
#41152753975
0!
#41153253975
1!
#41153753975
0!
#41154253975
1!
#41154753975
0!
#41155253975
1!
#41155754000
0!
#41156253975
1!
#41156753975
0!
#41157253975
1!
#41157753975
0!
#41158253975
1!
#41158754000
0!
#41159253975
1!
#41159753975
0!
#41160253975
1!
#41160753975
0!
#41161253975
1!
#41161754000
0!
#41162253975
1!
#41162753975
0!
#41163253975
1!
#41163753975
0!
#41164253975
1!
#41164753975
0!
#41165253975
1!
#41165753975
0!
#41166253975
1!
#41166753975
0!
#41167253975
1!
#41167753975
0!
#41168253975
1!
#41168753975
0!
#41169253975
1!
#41169753975
0!
#41170253975
1!
#41170753975
0!
#41171253975
1!
#41171753975
0!
#41172253975
1!
#41172753975
0!
#41173253975
1!
#41173753975
0!
#41174253975
1!
#41174753975
0!
#41175253975
1!
#41175753975
0!
#41176253975
1!
#41176753975
0!
#41177253975
1!
#41177753975
0!
#41178253975
1!
#41178753975
0!
#41179253975
1!
#41179753975
0!
#41180253975
1!
#41180753975
0!
#41181253975
1!
#41181753975
0!
#41182253975
1!
#41182753975
0!
#41183253975
1!
#41183753975
0!
#41184253975
1!
#41184753975
0!
#41185253975
1!
#41185753975
0!
#41186253975
1!
#41186753975
0!
#41187253975
1!
#41187753975
0!
#41188253975
1!
#41188753975
0!
#41189253975
1!
#41189753975
0!
#41190253975
1!
#41190753975
0!
#41191253975
1!
#41191753975
0!
#41192253975
1!
#41192753975
0!
#41193253975
1!
#41193753975
0!
#41194253975
1!
#41194753975
0!
#41195253975
1!
#41195753975
0!
#41196253975
1!
#41196753975
0!
#41197253975
1!
#41197753975
0!
#41198253975
1!
#41198753975
0!
#41199253975
1!
#41199753975
0!
#41200253975
1!
#41200753975
0!
#41201253975
1!
#41201753975
0!
#41202253975
1!
#41202753975
0!
#41203253975
1!
#41203753975
0!
#41204253975
1!
#41204753975
0!
#41205253975
1!
#41205753975
0!
#41206253975
1!
#41206753975
0!
#41207253975
1!
#41207753975
0!
#41208253975
1!
#41208753975
0!
#41209253975
1!
#41209753975
0!
#41210253975
1!
#41210753975
0!
#41211253975
1!
#41211753975
0!
#41212253975
1!
#41212753975
0!
#41213253975
1!
#41213754000
0!
#41214253975
1!
#41214753975
0!
#41215253975
1!
#41215753975
0!
#41216253975
1!
#41216754000
0!
#41217253975
1!
#41217753975
0!
#41218253975
1!
#41218753975
0!
#41219253975
1!
#41219754000
0!
#41220253975
1!
#41220753975
0!
#41221254000
1!
#41221753975
0!
#41222253975
1!
#41222754000
0!
#41223253975
1!
#41223753975
0!
#41224253975
1!
#41224753975
0!
#41225253975
1!
#41225753975
0!
#41226253975
1!
#41226753975
0!
#41227253975
1!
#41227753975
0!
#41228253975
1!
#41228753975
0!
#41229253975
1!
#41229753975
0!
#41230253975
1!
#41230753975
0!
#41231253975
1!
#41231753975
0!
#41232253975
1!
#41232753975
0!
#41233253975
1!
#41233753975
0!
#41234253975
1!
#41234753975
0!
#41235253975
1!
#41235753975
0!
#41236253975
1!
#41236753975
0!
#41237253975
1!
#41237753975
0!
#41238253975
1!
#41238753975
0!
#41239253975
1!
#41239753975
0!
#41240253975
1!
#41240753975
0!
#41241253975
1!
#41241753975
0!
#41242253975
1!
#41242753975
0!
#41243253975
1!
#41243753975
0!
#41244253975
1!
#41244753975
0!
#41245253975
1!
#41245753975
0!
#41246253975
1!
#41246753975
0!
#41247253975
1!
#41247753975
0!
#41248253975
1!
#41248753975
0!
#41249253975
1!
#41249753975
0!
#41250253975
1!
#41250753975
0!
#41251253975
1!
#41251753975
0!
#41252253975
1!
#41252753975
0!
#41253253975
1!
#41253753975
0!
#41254253975
1!
#41254753975
0!
#41255253975
1!
#41255753975
0!
#41256253975
1!
#41256753975
0!
#41257253975
1!
#41257753975
0!
#41258253975
1!
#41258753975
0!
#41259253975
1!
#41259753975
0!
#41260253975
1!
#41260753975
0!
#41261253975
1!
#41261753975
0!
#41262253975
1!
#41262753975
0!
#41263253975
1!
#41263753975
0!
#41264253975
1!
#41264753975
0!
#41265253975
1!
#41265753975
0!
#41266253975
1!
#41266753975
0!
#41267253975
1!
#41267753975
0!
#41268253975
1!
#41268753975
0!
#41269253975
1!
#41269753975
0!
#41270253975
1!
#41270753975
0!
#41271253975
1!
#41271753975
0!
#41272253975
1!
#41272753975
0!
#41273253975
1!
#41273753975
0!
#41274253975
1!
#41274754000
0!
#41275253975
1!
#41275753975
0!
#41276253975
1!
#41276753975
0!
#41277253975
1!
#41277754000
0!
#41278253975
1!
#41278753975
0!
#41279253975
1!
#41279753975
0!
#41280253975
1!
#41280754000
0!
#41281253975
1!
#41281753975
0!
#41282253975
1!
#41282753975
0!
#41283253975
1!
#41283754000
0!
#41284253975
1!
#41284753975
0!
#41285253975
1!
#41285753975
0!
#41286253975
1!
#41286754000
0!
#41287253975
1!
#41287753975
0!
#41288253975
1!
#41288753975
0!
#41289253975
1!
#41289753975
0!
#41290253975
1!
#41290753975
0!
#41291253975
1!
#41291753975
0!
#41292253975
1!
#41292753975
0!
#41293253975
1!
#41293753975
0!
#41294253975
1!
#41294753975
0!
#41295253975
1!
#41295753975
0!
#41296253975
1!
#41296753975
0!
#41297253975
1!
#41297753975
0!
#41298253975
1!
#41298753975
0!
#41299253975
1!
#41299753975
0!
#41300253975
1!
#41300753975
0!
#41301253975
1!
#41301753975
0!
#41302253975
1!
#41302753975
0!
#41303253975
1!
#41303753975
0!
#41304253975
1!
#41304753975
0!
#41305253975
1!
#41305753975
0!
#41306253975
1!
#41306753975
0!
#41307253975
1!
#41307753975
0!
#41308253975
1!
#41308753975
0!
#41309253975
1!
#41309753975
0!
#41310253975
1!
#41310753975
0!
#41311253975
1!
#41311753975
0!
#41312253975
1!
#41312753975
0!
#41313253975
1!
#41313753975
0!
#41314253975
1!
#41314753975
0!
#41315253975
1!
#41315753975
0!
#41316253975
1!
#41316753975
0!
#41317253975
1!
#41317753975
0!
#41318253975
1!
#41318753975
0!
#41319253975
1!
#41319753975
0!
#41320253975
1!
#41320753975
0!
#41321253975
1!
#41321753975
0!
#41322253975
1!
#41322753975
0!
#41323253975
1!
#41323753975
0!
#41324253975
1!
#41324753975
0!
#41325253975
1!
#41325753975
0!
#41326253975
1!
#41326753975
0!
#41327253975
1!
#41327753975
0!
#41328253975
1!
#41328753975
0!
#41329253975
1!
#41329753975
0!
#41330253975
1!
#41330753975
0!
#41331253975
1!
#41331753975
0!
#41332253975
1!
#41332753975
0!
#41333253975
1!
#41333753975
0!
#41334253975
1!
#41334753975
0!
#41335253975
1!
#41335753975
0!
#41336253975
1!
#41336753975
0!
#41337253975
1!
#41337753975
0!
#41338253975
1!
#41338754000
0!
#41339253975
1!
#41339753975
0!
#41340253975
1!
#41340753975
0!
#41341253975
1!
#41341754000
0!
#41342253975
1!
#41342753975
0!
#41343253975
1!
#41343753975
0!
#41344253975
1!
#41344753975
0!
#41345253975
1!
#41345753975
0!
#41346253975
1!
#41346753975
0!
#41347253975
1!
#41347754000
0!
#41348253975
1!
#41348753975
0!
#41349253975
1!
#41349753975
0!
#41350253975
1!
#41350754000
0!
#41351253975
1!
#41351753975
0!
#41352253975
1!
#41352753975
0!
#41353253975
1!
#41353753975
0!
#41354253975
1!
#41354753975
0!
#41355253975
1!
#41355753975
0!
#41356253975
1!
#41356753975
0!
#41357253975
1!
#41357753975
0!
#41358253975
1!
#41358753975
0!
#41359253975
1!
#41359753975
0!
#41360253975
1!
#41360753975
0!
#41361253975
1!
#41361753975
0!
#41362253975
1!
#41362753975
0!
#41363253975
1!
#41363753975
0!
#41364253975
1!
#41364753975
0!
#41365253975
1!
#41365753975
0!
#41366253975
1!
#41366753975
0!
#41367253975
1!
#41367753975
0!
#41368253975
1!
#41368753975
0!
#41369253975
1!
#41369753975
0!
#41370253975
1!
#41370753975
0!
#41371253975
1!
#41371753975
0!
#41372253975
1!
#41372753975
0!
#41373253975
1!
#41373753975
0!
#41374253975
1!
#41374753975
0!
#41375253975
1!
#41375753975
0!
#41376253975
1!
#41376753975
0!
#41377253975
1!
#41377753975
0!
#41378253975
1!
#41378753975
0!
#41379253975
1!
#41379753975
0!
#41380253975
1!
#41380753975
0!
#41381253975
1!
#41381753975
0!
#41382253975
1!
#41382753975
0!
#41383253975
1!
#41383753975
0!
#41384253975
1!
#41384753975
0!
#41385253975
1!
#41385753975
0!
#41386253975
1!
#41386753975
0!
#41387253975
1!
#41387753975
0!
#41388253975
1!
#41388753975
0!
#41389253975
1!
#41389753975
0!
#41390253975
1!
#41390753975
0!
#41391253975
1!
#41391753975
0!
#41392253975
1!
#41392753975
0!
#41393253975
1!
#41393753975
0!
#41394253975
1!
#41394753975
0!
#41395253975
1!
#41395753975
0!
#41396253975
1!
#41396753975
0!
#41397253975
1!
#41397753975
0!
#41398253975
1!
#41398753975
0!
#41399253975
1!
#41399754000
0!
#41400253975
1!
#41400753975
0!
#41401253975
1!
#41401753975
0!
#41402253975
1!
#41402754000
0!
#41403253975
1!
#41403753975
0!
#41404254000
1!
#41404753975
0!
#41405253975
1!
#41405754000
0!
#41406253975
1!
#41406753975
0!
#41407253975
1!
#41407753975
0!
#41408253975
1!
#41408754000
0!
#41409253975
1!
#41409753975
0!
#41410253975
1!
#41410753975
0!
#41411253975
1!
#41411754000
0!
#41412253975
1!
#41412753975
0!
#41413253975
1!
#41413753975
0!
#41414253975
1!
#41414754000
0!
#41415253975
1!
#41415753975
0!
#41416253975
1!
#41416753975
0!
#41417253975
1!
#41417753975
0!
#41418253975
1!
#41418753975
0!
#41419253975
1!
#41419753975
0!
#41420253975
1!
#41420753975
0!
#41421253975
1!
#41421753975
0!
#41422253975
1!
#41422753975
0!
#41423253975
1!
#41423753975
0!
#41424253975
1!
#41424753975
0!
#41425253975
1!
#41425753975
0!
#41426253975
1!
#41426753975
0!
#41427253975
1!
#41427753975
0!
#41428253975
1!
#41428753975
0!
#41429253975
1!
#41429753975
0!
#41430253975
1!
#41430753975
0!
#41431253975
1!
#41431753975
0!
#41432253975
1!
#41432753975
0!
#41433253975
1!
#41433753975
0!
#41434253975
1!
#41434753975
0!
#41435253975
1!
#41435753975
0!
#41436253975
1!
#41436753975
0!
#41437253975
1!
#41437753975
0!
#41438253975
1!
#41438753975
0!
#41439253975
1!
#41439753975
0!
#41440253975
1!
#41440753975
0!
#41441253975
1!
#41441753975
0!
#41442253975
1!
#41442753975
0!
#41443253975
1!
#41443753975
0!
#41444253975
1!
#41444753975
0!
#41445253975
1!
#41445753975
0!
#41446253975
1!
#41446753975
0!
#41447253975
1!
#41447753975
0!
#41448253975
1!
#41448753975
0!
#41449253975
1!
#41449753975
0!
#41450253975
1!
#41450753975
0!
#41451253975
1!
#41451753975
0!
#41452253975
1!
#41452753975
0!
#41453253975
1!
#41453753975
0!
#41454253975
1!
#41454753975
0!
#41455253975
1!
#41455753975
0!
#41456253975
1!
#41456753975
0!
#41457253975
1!
#41457753975
0!
#41458253975
1!
#41458753975
0!
#41459253975
1!
#41459753975
0!
#41460253975
1!
#41460753975
0!
#41461253975
1!
#41461753975
0!
#41462253975
1!
#41462753975
0!
#41463253975
1!
#41463754000
0!
#41464253975
1!
#41464753975
0!
#41465253975
1!
#41465753975
0!
#41466253975
1!
#41466754000
0!
#41467253975
1!
#41467753975
0!
#41468254000
1!
#41468753975
0!
#41469253975
1!
#41469754000
0!
#41470253975
1!
#41470753975
0!
#41471253975
1!
#41471753975
0!
#41472253975
1!
#41472754000
0!
#41473253975
1!
#41473753975
0!
#41474253975
1!
#41474753975
0!
#41475253975
1!
#41475754000
0!
#41476253975
1!
#41476753975
0!
#41477253975
1!
#41477753975
0!
#41478253975
1!
#41478753975
0!
#41479253975
1!
#41479753975
0!
#41480253975
1!
#41480753975
0!
#41481253975
1!
#41481753975
0!
#41482253975
1!
#41482753975
0!
#41483253975
1!
#41483753975
0!
#41484253975
1!
#41484753975
0!
#41485253975
1!
#41485753975
0!
#41486253975
1!
#41486753975
0!
#41487253975
1!
#41487753975
0!
#41488253975
1!
#41488753975
0!
#41489253975
1!
#41489753975
0!
#41490253975
1!
#41490753975
0!
#41491253975
1!
#41491753975
0!
#41492253975
1!
#41492753975
0!
#41493253975
1!
#41493753975
0!
#41494253975
1!
#41494753975
0!
#41495253975
1!
#41495753975
0!
#41496253975
1!
#41496753975
0!
#41497253975
1!
#41497753975
0!
#41498253975
1!
#41498753975
0!
#41499253975
1!
#41499753975
0!
#41500253975
1!
#41500753975
0!
#41501253975
1!
#41501753975
0!
#41502253975
1!
#41502753975
0!
#41503253975
1!
#41503753975
0!
#41504253975
1!
#41504753975
0!
#41505253975
1!
#41505753975
0!
#41506253975
1!
#41506753975
0!
#41507253975
1!
#41507753975
0!
#41508253975
1!
#41508753975
0!
#41509253975
1!
#41509753975
0!
#41510253975
1!
#41510753975
0!
#41511253975
1!
#41511753975
0!
#41512253975
1!
#41512753975
0!
#41513253975
1!
#41513753975
0!
#41514253975
1!
#41514753975
0!
#41515253975
1!
#41515753975
0!
#41516253975
1!
#41516753975
0!
#41517253975
1!
#41517753975
0!
#41518253975
1!
#41518753975
0!
#41519253975
1!
#41519753975
0!
#41520253975
1!
#41520753975
0!
#41521253975
1!
#41521753975
0!
#41522253975
1!
#41522753975
0!
#41523253975
1!
#41523753975
0!
#41524253975
1!
#41524754000
0!
#41525253975
1!
#41525753975
0!
#41526253975
1!
#41526753975
0!
#41527253975
1!
#41527754000
0!
#41528253975
1!
#41528753975
0!
#41529253975
1!
#41529753975
0!
#41530253975
1!
#41530754000
0!
#41531253975
1!
#41531753975
0!
#41532254000
1!
#41532753975
0!
#41533253975
1!
#41533754000
0!
#41534253975
1!
#41534753975
0!
#41535253975
1!
#41535753975
0!
#41536253975
1!
#41536753975
0!
#41537253975
1!
#41537753975
0!
#41538253975
1!
#41538753975
0!
#41539253975
1!
#41539754000
0!
#41540253975
1!
#41540753975
0!
#41541253975
1!
#41541753975
0!
#41542253975
1!
#41542753975
0!
#41543253975
1!
#41543753975
0!
#41544253975
1!
#41544753975
0!
#41545253975
1!
#41545753975
0!
#41546253975
1!
#41546753975
0!
#41547253975
1!
#41547753975
0!
#41548253975
1!
#41548753975
0!
#41549253975
1!
#41549753975
0!
#41550253975
1!
#41550753975
0!
#41551253975
1!
#41551753975
0!
#41552253975
1!
#41552753975
0!
#41553253975
1!
#41553753975
0!
#41554253975
1!
#41554753975
0!
#41555253975
1!
#41555753975
0!
#41556253975
1!
#41556753975
0!
#41557253975
1!
#41557753975
0!
#41558253975
1!
#41558753975
0!
#41559253975
1!
#41559753975
0!
#41560253975
1!
#41560753975
0!
#41561253975
1!
#41561753975
0!
#41562253975
1!
#41562753975
0!
#41563253975
1!
#41563753975
0!
#41564253975
1!
#41564753975
0!
#41565253975
1!
#41565753975
0!
#41566253975
1!
#41566753975
0!
#41567253975
1!
#41567753975
0!
#41568253975
1!
#41568753975
0!
#41569253975
1!
#41569753975
0!
#41570253975
1!
#41570753975
0!
#41571253975
1!
#41571753975
0!
#41572253975
1!
#41572753975
0!
#41573253975
1!
#41573753975
0!
#41574253975
1!
#41574753975
0!
#41575253975
1!
#41575753975
0!
#41576253975
1!
#41576753975
0!
#41577253975
1!
#41577753975
0!
#41578253975
1!
#41578753975
0!
#41579253975
1!
#41579753975
0!
#41580253975
1!
#41580753975
0!
#41581253975
1!
#41581753975
0!
#41582253975
1!
#41582753975
0!
#41583253975
1!
#41583753975
0!
#41584253975
1!
#41584753975
0!
#41585253975
1!
#41585753975
0!
#41586253975
1!
#41586753975
0!
#41587253975
1!
#41587753975
0!
#41588253975
1!
#41588754000
0!
#41589253975
1!
#41589753975
0!
#41590253975
1!
#41590753975
0!
#41591253975
1!
#41591754000
0!
#41592253975
1!
#41592753975
0!
#41593253975
1!
#41593753975
0!
#41594253975
1!
#41594754000
0!
#41595253975
1!
#41595753975
0!
#41596254000
1!
#41596753975
0!
#41597253975
1!
#41597754000
0!
#41598253975
1!
#41598753975
0!
#41599253975
1!
#41599753975
0!
#41600253975
1!
#41600754000
0!
#41601253975
1!
#41601753975
0!
#41602253975
1!
#41602753975
0!
#41603253975
1!
#41603753975
0!
#41604253975
1!
#41604753975
0!
#41605253975
1!
#41605753975
0!
#41606253975
1!
#41606753975
0!
#41607253975
1!
#41607753975
0!
#41608253975
1!
#41608753975
0!
#41609253975
1!
#41609753975
0!
#41610253975
1!
#41610753975
0!
#41611253975
1!
#41611753975
0!
#41612253975
1!
#41612753975
0!
#41613253975
1!
#41613753975
0!
#41614253975
1!
#41614753975
0!
#41615253975
1!
#41615753975
0!
#41616253975
1!
#41616753975
0!
#41617253975
1!
#41617753975
0!
#41618253975
1!
#41618753975
0!
#41619253975
1!
#41619753975
0!
#41620253975
1!
#41620753975
0!
#41621253975
1!
#41621753975
0!
#41622253975
1!
#41622753975
0!
#41623253975
1!
#41623753975
0!
#41624253975
1!
#41624753975
0!
#41625253975
1!
#41625753975
0!
#41626253975
1!
#41626753975
0!
#41627253975
1!
#41627753975
0!
#41628253975
1!
#41628753975
0!
#41629253975
1!
#41629753975
0!
#41630253975
1!
#41630753975
0!
#41631253975
1!
#41631753975
0!
#41632253975
1!
#41632753975
0!
#41633253975
1!
#41633753975
0!
#41634253975
1!
#41634753975
0!
#41635253975
1!
#41635753975
0!
#41636253975
1!
#41636753975
0!
#41637253975
1!
#41637753975
0!
#41638253975
1!
#41638753975
0!
#41639253975
1!
#41639753975
0!
#41640253975
1!
#41640753975
0!
#41641253975
1!
#41641753975
0!
#41642253975
1!
#41642753975
0!
#41643253975
1!
#41643753975
0!
#41644253975
1!
#41644753975
0!
#41645253975
1!
#41645753975
0!
#41646253975
1!
#41646753975
0!
#41647253975
1!
#41647753975
0!
#41648253975
1!
#41648753975
0!
#41649253975
1!
#41649754000
0!
#41650253975
1!
#41650753975
0!
#41651253975
1!
#41651753975
0!
#41652253975
1!
#41652754000
0!
#41653253975
1!
#41653753975
0!
#41654253975
1!
#41654753975
0!
#41655253975
1!
#41655754000
0!
#41656253975
1!
#41656753975
0!
#41657253975
1!
#41657753975
0!
#41658253975
1!
#41658754000
0!
#41659253975
1!
#41659753975
0!
#41660254000
1!
#41660753975
0!
#41661253975
1!
#41661754000
0!
#41662253975
1!
#41662753975
0!
#41663253975
1!
#41663753975
0!
#41664253975
1!
#41664754000
0!
#41665253975
1!
#41665753975
0!
#41666253975
1!
#41666753975
0!
#41667253975
1!
#41667753975
0!
#41668253975
1!
#41668753975
0!
#41669253975
1!
#41669753975
0!
#41670253975
1!
#41670753975
0!
#41671253975
1!
#41671753975
0!
#41672253975
1!
#41672753975
0!
#41673253975
1!
#41673753975
0!
#41674253975
1!
#41674753975
0!
#41675253975
1!
#41675753975
0!
#41676253975
1!
#41676753975
0!
#41677253975
1!
#41677753975
0!
#41678253975
1!
#41678753975
0!
#41679253975
1!
#41679753975
0!
#41680253975
1!
#41680753975
0!
#41681253975
1!
#41681753975
0!
#41682253975
1!
#41682753975
0!
#41683253975
1!
#41683753975
0!
#41684253975
1!
#41684753975
0!
#41685253975
1!
#41685753975
0!
#41686253975
1!
#41686753975
0!
#41687253975
1!
#41687753975
0!
#41688253975
1!
#41688753975
0!
#41689253975
1!
#41689753975
0!
#41690253975
1!
#41690753975
0!
#41691253975
1!
#41691753975
0!
#41692253975
1!
#41692753975
0!
#41693253975
1!
#41693753975
0!
#41694253975
1!
#41694753975
0!
#41695253975
1!
#41695753975
0!
#41696253975
1!
#41696753975
0!
#41697253975
1!
#41697753975
0!
#41698253975
1!
#41698753975
0!
#41699253975
1!
#41699753975
0!
#41700253975
1!
#41700753975
0!
#41701253975
1!
#41701753975
0!
#41702253975
1!
#41702753975
0!
#41703253975
1!
#41703753975
0!
#41704253975
1!
#41704753975
0!
#41705253975
1!
#41705753975
0!
#41706253975
1!
#41706753975
0!
#41707253975
1!
#41707753975
0!
#41708253975
1!
#41708753975
0!
#41709253975
1!
#41709753975
0!
#41710253975
1!
#41710753975
0!
#41711253975
1!
#41711753975
0!
#41712253975
1!
#41712753975
0!
#41713253975
1!
#41713754000
0!
#41714253975
1!
#41714753975
0!
#41715253975
1!
#41715753975
0!
#41716253975
1!
#41716754000
0!
#41717253975
1!
#41717753975
0!
#41718253975
1!
#41718753975
0!
#41719253975
1!
#41719754000
0!
#41720253975
1!
#41720753975
0!
#41721253975
1!
#41721753975
0!
#41722253975
1!
#41722754000
0!
#41723253975
1!
#41723753975
0!
#41724254000
1!
#41724753975
0!
#41725253975
1!
#41725754000
0!
#41726253975
1!
#41726753975
0!
#41727253975
1!
#41727753975
0!
#41728253975
1!
#41728753975
0!
#41729253975
1!
#41729753975
0!
#41730253975
1!
#41730753975
0!
#41731253975
1!
#41731753975
0!
#41732253975
1!
#41732753975
0!
#41733253975
1!
#41733753975
0!
#41734253975
1!
#41734753975
0!
#41735253975
1!
#41735753975
0!
#41736253975
1!
#41736753975
0!
#41737253975
1!
#41737753975
0!
#41738253975
1!
#41738753975
0!
#41739253975
1!
#41739753975
0!
#41740253975
1!
#41740753975
0!
#41741253975
1!
#41741753975
0!
#41742253975
1!
#41742753975
0!
#41743253975
1!
#41743753975
0!
#41744253975
1!
#41744753975
0!
#41745253975
1!
#41745753975
0!
#41746253975
1!
#41746753975
0!
#41747253975
1!
#41747753975
0!
#41748253975
1!
#41748753975
0!
#41749253975
1!
#41749753975
0!
#41750253975
1!
#41750753975
0!
#41751253975
1!
#41751753975
0!
#41752253975
1!
#41752753975
0!
#41753253975
1!
#41753753975
0!
#41754253975
1!
#41754753975
0!
#41755253975
1!
#41755753975
0!
#41756253975
1!
#41756753975
0!
#41757253975
1!
#41757753975
0!
#41758253975
1!
#41758753975
0!
#41759253975
1!
#41759753975
0!
#41760253975
1!
#41760753975
0!
#41761253975
1!
#41761753975
0!
#41762253975
1!
#41762753975
0!
#41763253975
1!
#41763753975
0!
#41764253975
1!
#41764753975
0!
#41765253975
1!
#41765753975
0!
#41766253975
1!
#41766753975
0!
#41767253975
1!
#41767753975
0!
#41768253975
1!
#41768753975
0!
#41769253975
1!
#41769753975
0!
#41770253975
1!
#41770753975
0!
#41771253975
1!
#41771753975
0!
#41772253975
1!
#41772753975
0!
#41773253975
1!
#41773753975
0!
#41774253975
1!
#41774754000
0!
#41775253975
1!
#41775753975
0!
#41776253975
1!
#41776753975
0!
#41777253975
1!
#41777754000
0!
#41778253975
1!
#41778753975
0!
#41779253975
1!
#41779753975
0!
#41780253975
1!
#41780753975
0!
#41781253975
1!
#41781753975
0!
#41782253975
1!
#41782753975
0!
#41783253975
1!
#41783754000
0!
#41784253975
1!
#41784753975
0!
#41785253975
1!
#41785753975
0!
#41786253975
1!
#41786754000
0!
#41787253975
1!
#41787753975
0!
#41788254000
1!
#41788753975
0!
#41789253975
1!
#41789754000
0!
#41790253975
1!
#41790753975
0!
#41791253975
1!
#41791753975
0!
#41792253975
1!
#41792753975
0!
#41793253975
1!
#41793753975
0!
#41794253975
1!
#41794753975
0!
#41795253975
1!
#41795753975
0!
#41796253975
1!
#41796753975
0!
#41797253975
1!
#41797753975
0!
#41798253975
1!
#41798753975
0!
#41799253975
1!
#41799753975
0!
#41800253975
1!
#41800753975
0!
#41801253975
1!
#41801753975
0!
#41802253975
1!
#41802753975
0!
#41803253975
1!
#41803753975
0!
#41804253975
1!
#41804753975
0!
#41805253975
1!
#41805753975
0!
#41806253975
1!
#41806753975
0!
#41807253975
1!
#41807753975
0!
#41808253975
1!
#41808753975
0!
#41809253975
1!
#41809753975
0!
#41810253975
1!
#41810753975
0!
#41811253975
1!
#41811753975
0!
#41812253975
1!
#41812753975
0!
#41813253975
1!
#41813753975
0!
#41814253975
1!
#41814753975
0!
#41815253975
1!
#41815753975
0!
#41816253975
1!
#41816753975
0!
#41817253975
1!
#41817753975
0!
#41818253975
1!
#41818753975
0!
#41819253975
1!
#41819753975
0!
#41820253975
1!
#41820753975
0!
#41821253975
1!
#41821753975
0!
#41822253975
1!
#41822753975
0!
#41823253975
1!
#41823753975
0!
#41824253975
1!
#41824753975
0!
#41825253975
1!
#41825753975
0!
#41826253975
1!
#41826753975
0!
#41827253975
1!
#41827753975
0!
#41828253975
1!
#41828753975
0!
#41829253975
1!
#41829753975
0!
#41830253975
1!
#41830753975
0!
#41831253975
1!
#41831753975
0!
#41832253975
1!
#41832753975
0!
#41833253975
1!
#41833753975
0!
#41834253975
1!
#41834753975
0!
#41835253975
1!
#41835753975
0!
#41836253975
1!
#41836753975
0!
#41837253975
1!
#41837753975
0!
#41838253975
1!
#41838754000
0!
#41839253975
1!
#41839753975
0!
#41840253975
1!
#41840753975
0!
#41841253975
1!
#41841754000
0!
#41842253975
1!
#41842753975
0!
#41843253975
1!
#41843753975
0!
#41844253975
1!
#41844754000
0!
#41845253975
1!
#41845753975
0!
#41846253975
1!
#41846753975
0!
#41847253975
1!
#41847754000
0!
#41848253975
1!
#41848753975
0!
#41849253975
1!
#41849753975
0!
#41850253975
1!
#41850754000
0!
#41851253975
1!
#41851753975
0!
#41852254000
1!
#41852753975
0!
#41853253975
1!
#41853753975
0!
#41854253975
1!
#41854753975
0!
#41855253975
1!
#41855753975
0!
#41856253975
1!
#41856753975
0!
#41857253975
1!
#41857753975
0!
#41858253975
1!
#41858753975
0!
#41859253975
1!
#41859753975
0!
#41860253975
1!
#41860753975
0!
#41861253975
1!
#41861753975
0!
#41862253975
1!
#41862753975
0!
#41863253975
1!
#41863753975
0!
#41864253975
1!
#41864753975
0!
#41865253975
1!
#41865753975
0!
#41866253975
1!
#41866753975
0!
#41867253975
1!
#41867753975
0!
#41868253975
1!
#41868753975
0!
#41869253975
1!
#41869753975
0!
#41870253975
1!
#41870753975
0!
#41871253975
1!
#41871753975
0!
#41872253975
1!
#41872753975
0!
#41873253975
1!
#41873753975
0!
#41874253975
1!
#41874753975
0!
#41875253975
1!
#41875753975
0!
#41876253975
1!
#41876753975
0!
#41877253975
1!
#41877753975
0!
#41878253975
1!
#41878753975
0!
#41879253975
1!
#41879753975
0!
#41880253975
1!
#41880753975
0!
#41881253975
1!
#41881753975
0!
#41882253975
1!
#41882753975
0!
#41883253975
1!
#41883753975
0!
#41884253975
1!
#41884753975
0!
#41885253975
1!
#41885753975
0!
#41886253975
1!
#41886753975
0!
#41887253975
1!
#41887753975
0!
#41888253975
1!
#41888753975
0!
#41889253975
1!
#41889753975
0!
#41890253975
1!
#41890753975
0!
#41891253975
1!
#41891753975
0!
#41892253975
1!
#41892753975
0!
#41893253975
1!
#41893753975
0!
#41894253975
1!
#41894753975
0!
#41895253975
1!
#41895753975
0!
#41896253975
1!
#41896753975
0!
#41897253975
1!
#41897753975
0!
#41898253975
1!
#41898753975
0!
#41899253975
1!
#41899754000
0!
#41900253975
1!
#41900753975
0!
#41901253975
1!
#41901753975
0!
#41902253975
1!
#41902754000
0!
#41903253975
1!
#41903753975
0!
#41904253975
1!
#41904753975
0!
#41905253975
1!
#41905754000
0!
#41906253975
1!
#41906753975
0!
#41907253975
1!
#41907753975
0!
#41908253975
1!
#41908753975
0!
#41909253975
1!
#41909753975
0!
#41910253975
1!
#41910753975
0!
#41911253975
1!
#41911754000
0!
#41912253975
1!
#41912753975
0!
#41913253975
1!
#41913753975
0!
#41914253975
1!
#41914754000
0!
#41915253975
1!
#41915753975
0!
#41916253975
1!
#41916753975
0!
#41917253975
1!
#41917753975
0!
#41918253975
1!
#41918753975
0!
#41919253975
1!
#41919753975
0!
#41920253975
1!
#41920753975
0!
#41921253975
1!
#41921753975
0!
#41922253975
1!
#41922753975
0!
#41923253975
1!
#41923753975
0!
#41924253975
1!
#41924753975
0!
#41925253975
1!
#41925753975
0!
#41926253975
1!
#41926753975
0!
#41927253975
1!
#41927753975
0!
#41928253975
1!
#41928753975
0!
#41929253975
1!
#41929753975
0!
#41930253975
1!
#41930753975
0!
#41931253975
1!
#41931753975
0!
#41932253975
1!
#41932753975
0!
#41933253975
1!
#41933753975
0!
#41934253975
1!
#41934753975
0!
#41935253975
1!
#41935753975
0!
#41936253975
1!
#41936753975
0!
#41937253975
1!
#41937753975
0!
#41938253975
1!
#41938753975
0!
#41939253975
1!
#41939753975
0!
#41940253975
1!
#41940753975
0!
#41941253975
1!
#41941753975
0!
#41942253975
1!
#41942753975
0!
#41943253975
1!
#41943753975
0!
#41944253975
1!
#41944753975
0!
#41945253975
1!
#41945753975
0!
#41946253975
1!
#41946753975
0!
#41947253975
1!
#41947753975
0!
#41948253975
1!
#41948753975
0!
#41949253975
1!
#41949753975
0!
#41950253975
1!
#41950753975
0!
#41951253975
1!
#41951753975
0!
#41952253975
1!
#41952753975
0!
#41953253975
1!
#41953753975
0!
#41954253975
1!
#41954753975
0!
#41955253975
1!
#41955753975
0!
#41956253975
1!
#41956753975
0!
#41957253975
1!
#41957753975
0!
#41958253975
1!
#41958753975
0!
#41959253975
1!
#41959753975
0!
#41960253975
1!
#41960753975
0!
#41961253975
1!
#41961753975
0!
#41962254000
1!
#41962753975
0!
#41963253975
1!
#41963754000
0!
#41964253975
1!
#41964753975
0!
#41965253975
1!
#41965753975
0!
#41966253975
1!
#41966754000
0!
#41967253975
1!
#41967753975
0!
#41968253975
1!
#41968753975
0!
#41969253975
1!
#41969754000
0!
#41970253975
1!
#41970753975
0!
#41971253975
1!
#41971753975
0!
#41972253975
1!
#41972754000
0!
#41973253975
1!
#41973753975
0!
#41974253975
1!
#41974753975
0!
#41975253975
1!
#41975754000
0!
#41976253975
1!
#41976753975
0!
#41977253975
1!
#41977753975
0!
#41978253975
1!
#41978753975
0!
#41979253975
1!
#41979753975
0!
#41980253975
1!
#41980753975
0!
#41981253975
1!
#41981753975
0!
#41982253975
1!
#41982753975
0!
#41983253975
1!
#41983753975
0!
#41984253975
1!
#41984753975
0!
#41985253975
1!
#41985753975
0!
#41986253975
1!
#41986753975
0!
#41987253975
1!
#41987753975
0!
#41988253975
1!
#41988753975
0!
#41989253975
1!
#41989753975
0!
#41990253975
1!
#41990753975
0!
#41991253975
1!
#41991753975
0!
#41992253975
1!
#41992753975
0!
#41993253975
1!
#41993753975
0!
#41994253975
1!
#41994753975
0!
#41995253975
1!
#41995753975
0!
#41996253975
1!
#41996753975
0!
#41997253975
1!
#41997753975
0!
#41998253975
1!
#41998753975
0!
#41999253975
1!
#41999753975
0!
#42000253975
1!
#42000753975
0!
#42001253975
1!
#42001753975
0!
#42002253975
1!
#42002753975
0!
#42003253975
1!
#42003753975
0!
#42004253975
1!
#42004753975
0!
#42005253975
1!
#42005753975
0!
#42006253975
1!
#42006753975
0!
#42007253975
1!
#42007753975
0!
#42008253975
1!
#42008753975
0!
#42009253975
1!
#42009753975
0!
#42010253975
1!
#42010753975
0!
#42011253975
1!
#42011753975
0!
#42012253975
1!
#42012753975
0!
#42013253975
1!
#42013753975
0!
#42014253975
1!
#42014753975
0!
#42015253975
1!
#42015753975
0!
#42016253975
1!
#42016753975
0!
#42017253975
1!
#42017753975
0!
#42018253975
1!
#42018753975
0!
#42019253975
1!
#42019753975
0!
#42020253975
1!
#42020753975
0!
#42021253975
1!
#42021753975
0!
#42022253975
1!
#42022753975
0!
#42023253975
1!
#42023753975
0!
#42024253975
1!
#42024754000
0!
#42025253975
1!
#42025753975
0!
#42026254000
1!
#42026753975
0!
#42027253975
1!
#42027754000
0!
#42028253975
1!
#42028753975
0!
#42029253975
1!
#42029753975
0!
#42030253975
1!
#42030754000
0!
#42031253975
1!
#42031753975
0!
#42032253975
1!
#42032753975
0!
#42033253975
1!
#42033754000
0!
#42034253975
1!
#42034753975
0!
#42035253975
1!
#42035753975
0!
#42036253975
1!
#42036754000
0!
#42037253975
1!
#42037753975
0!
#42038253975
1!
#42038753975
0!
#42039253975
1!
#42039754000
0!
#42040253975
1!
#42040753975
0!
#42041253975
1!
#42041753975
0!
#42042253975
1!
#42042753975
0!
#42043253975
1!
#42043753975
0!
#42044253975
1!
#42044753975
0!
#42045253975
1!
#42045753975
0!
#42046253975
1!
#42046753975
0!
#42047253975
1!
#42047753975
0!
#42048253975
1!
#42048753975
0!
#42049253975
1!
#42049753975
0!
#42050253975
1!
#42050753975
0!
#42051253975
1!
#42051753975
0!
#42052253975
1!
#42052753975
0!
#42053253975
1!
#42053753975
0!
#42054253975
1!
#42054753975
0!
#42055253975
1!
#42055753975
0!
#42056253975
1!
#42056753975
0!
#42057253975
1!
#42057753975
0!
#42058253975
1!
#42058753975
0!
#42059253975
1!
#42059753975
0!
#42060253975
1!
#42060753975
0!
#42061253975
1!
#42061753975
0!
#42062253975
1!
#42062753975
0!
#42063253975
1!
#42063753975
0!
#42064253975
1!
#42064753975
0!
#42065253975
1!
#42065753975
0!
#42066253975
1!
#42066753975
0!
#42067253975
1!
#42067753975
0!
#42068253975
1!
#42068753975
0!
#42069253975
1!
#42069753975
0!
#42070253975
1!
#42070753975
0!
#42071253975
1!
#42071753975
0!
#42072253975
1!
#42072753975
0!
#42073253975
1!
#42073753975
0!
#42074253975
1!
#42074753975
0!
#42075253975
1!
#42075753975
0!
#42076253975
1!
#42076753975
0!
#42077253975
1!
#42077753975
0!
#42078253975
1!
#42078753975
0!
#42079253975
1!
#42079753975
0!
#42080253975
1!
#42080753975
0!
#42081253975
1!
#42081753975
0!
#42082253975
1!
#42082753975
0!
#42083253975
1!
#42083753975
0!
#42084253975
1!
#42084753975
0!
#42085253975
1!
#42085753975
0!
#42086253975
1!
#42086753975
0!
#42087253975
1!
#42087753975
0!
#42088253975
1!
#42088754000
0!
#42089253975
1!
#42089753975
0!
#42090254000
1!
#42090753975
0!
#42091253975
1!
#42091754000
0!
#42092253975
1!
#42092753975
0!
#42093253975
1!
#42093753975
0!
#42094253975
1!
#42094754000
0!
#42095253975
1!
#42095753975
0!
#42096253975
1!
#42096753975
0!
#42097253975
1!
#42097754000
0!
#42098253975
1!
#42098753975
0!
#42099253975
1!
#42099753975
0!
#42100253975
1!
#42100753975
0!
#42101253975
1!
#42101753975
0!
#42102253975
1!
#42102753975
0!
#42103253975
1!
#42103753975
0!
#42104253975
1!
#42104753975
0!
#42105253975
1!
#42105753975
0!
#42106253975
1!
#42106753975
0!
#42107253975
1!
#42107753975
0!
#42108253975
1!
#42108753975
0!
#42109253975
1!
#42109753975
0!
#42110253975
1!
#42110753975
0!
#42111253975
1!
#42111753975
0!
#42112253975
1!
#42112753975
0!
#42113253975
1!
#42113753975
0!
#42114253975
1!
#42114753975
0!
#42115253975
1!
#42115753975
0!
#42116253975
1!
#42116753975
0!
#42117253975
1!
#42117753975
0!
#42118253975
1!
#42118753975
0!
#42119253975
1!
#42119753975
0!
#42120253975
1!
#42120753975
0!
#42121253975
1!
#42121753975
0!
#42122253975
1!
#42122753975
0!
#42123253975
1!
#42123753975
0!
#42124253975
1!
#42124753975
0!
#42125253975
1!
#42125753975
0!
#42126253975
1!
#42126753975
0!
#42127253975
1!
#42127753975
0!
#42128253975
1!
#42128753975
0!
#42129253975
1!
#42129753975
0!
#42130253975
1!
#42130753975
0!
#42131253975
1!
#42131753975
0!
#42132253975
1!
#42132753975
0!
#42133253975
1!
#42133753975
0!
#42134253975
1!
#42134753975
0!
#42135253975
1!
#42135753975
0!
#42136253975
1!
#42136753975
0!
#42137253975
1!
#42137753975
0!
#42138253975
1!
#42138753975
0!
#42139253975
1!
#42139753975
0!
#42140253975
1!
#42140753975
0!
#42141253975
1!
#42141753975
0!
#42142253975
1!
#42142753975
0!
#42143253975
1!
#42143753975
0!
#42144253975
1!
#42144753975
0!
#42145253975
1!
#42145753975
0!
#42146253975
1!
#42146753975
0!
#42147253975
1!
#42147753975
0!
#42148253975
1!
#42148753975
0!
#42149253975
1!
#42149754000
0!
#42150253975
1!
#42150753975
0!
#42151253975
1!
#42151753975
0!
#42152253975
1!
#42152754000
0!
#42153253975
1!
#42153753975
0!
#42154253975
1!
#42154753975
0!
#42155253975
1!
#42155754000
0!
#42156253975
1!
#42156753975
0!
#42157253975
1!
#42157753975
0!
#42158253975
1!
#42158754000
0!
#42159253975
1!
#42159753975
0!
#42160253975
1!
#42160753975
0!
#42161253975
1!
#42161754000
0!
#42162253975
1!
#42162753975
0!
#42163253975
1!
#42163753975
0!
#42164253975
1!
#42164754000
0!
#42165253975
1!
#42165753975
0!
#42166253975
1!
#42166753975
0!
#42167253975
1!
#42167753975
0!
#42168253975
1!
#42168753975
0!
#42169253975
1!
#42169753975
0!
#42170253975
1!
#42170753975
0!
#42171253975
1!
#42171753975
0!
#42172253975
1!
#42172753975
0!
#42173253975
1!
#42173753975
0!
#42174253975
1!
#42174753975
0!
#42175253975
1!
#42175753975
0!
#42176253975
1!
#42176753975
0!
#42177253975
1!
#42177753975
0!
#42178253975
1!
#42178753975
0!
#42179253975
1!
#42179753975
0!
#42180253975
1!
#42180753975
0!
#42181253975
1!
#42181753975
0!
#42182253975
1!
#42182753975
0!
#42183253975
1!
#42183753975
0!
#42184253975
1!
#42184753975
0!
#42185253975
1!
#42185753975
0!
#42186253975
1!
#42186753975
0!
#42187253975
1!
#42187753975
0!
#42188253975
1!
#42188753975
0!
#42189253975
1!
#42189753975
0!
#42190253975
1!
#42190753975
0!
#42191253975
1!
#42191753975
0!
#42192253975
1!
#42192753975
0!
#42193253975
1!
#42193753975
0!
#42194253975
1!
#42194753975
0!
#42195253975
1!
#42195753975
0!
#42196253975
1!
#42196753975
0!
#42197253975
1!
#42197753975
0!
#42198253975
1!
#42198753975
0!
#42199253975
1!
#42199753975
0!
#42200253975
1!
#42200753975
0!
#42201253975
1!
#42201753975
0!
#42202253975
1!
#42202753975
0!
#42203253975
1!
#42203753975
0!
#42204253975
1!
#42204753975
0!
#42205253975
1!
#42205753975
0!
#42206253975
1!
#42206753975
0!
#42207253975
1!
#42207753975
0!
#42208253975
1!
#42208753975
0!
#42209253975
1!
#42209753975
0!
#42210253975
1!
#42210753975
0!
#42211253975
1!
#42211753975
0!
#42212253975
1!
#42212753975
0!
#42213253975
1!
#42213753975
0!
#42214253975
1!
#42214753975
0!
#42215253975
1!
#42215753975
0!
#42216253975
1!
#42216754000
0!
#42217253975
1!
#42217753975
0!
#42218253975
1!
#42218753975
0!
#42219253975
1!
#42219754000
0!
#42220253975
1!
#42220753975
0!
#42221254000
1!
#42221753975
0!
#42222253975
1!
#42222754000
0!
#42223253975
1!
#42223753975
0!
#42224253975
1!
#42224753975
0!
#42225253975
1!
#42225754000
0!
#42226253975
1!
#42226753975
0!
#42227253975
1!
#42227753975
0!
#42228253975
1!
#42228753975
0!
#42229253975
1!
#42229753975
0!
#42230253975
1!
#42230753975
0!
#42231253975
1!
#42231753975
0!
#42232253975
1!
#42232753975
0!
#42233253975
1!
#42233753975
0!
#42234253975
1!
#42234753975
0!
#42235253975
1!
#42235753975
0!
#42236253975
1!
#42236753975
0!
#42237253975
1!
#42237753975
0!
#42238253975
1!
#42238753975
0!
#42239253975
1!
#42239753975
0!
#42240253975
1!
#42240753975
0!
#42241253975
1!
#42241753975
0!
#42242253975
1!
#42242753975
0!
#42243253975
1!
#42243753975
0!
#42244253975
1!
#42244753975
0!
#42245253975
1!
#42245753975
0!
#42246253975
1!
#42246753975
0!
#42247253975
1!
#42247753975
0!
#42248253975
1!
#42248753975
0!
#42249253975
1!
#42249753975
0!
#42250253975
1!
#42250753975
0!
#42251253975
1!
#42251753975
0!
#42252253975
1!
#42252753975
0!
#42253253975
1!
#42253753975
0!
#42254253975
1!
#42254753975
0!
#42255253975
1!
#42255753975
0!
#42256253975
1!
#42256753975
0!
#42257253975
1!
#42257753975
0!
#42258253975
1!
#42258753975
0!
#42259253975
1!
#42259753975
0!
#42260253975
1!
#42260753975
0!
#42261253975
1!
#42261753975
0!
#42262253975
1!
#42262753975
0!
#42263253975
1!
#42263753975
0!
#42264253975
1!
#42264753975
0!
#42265253975
1!
#42265753975
0!
#42266253975
1!
#42266753975
0!
#42267253975
1!
#42267753975
0!
#42268253975
1!
#42268753975
0!
#42269253975
1!
#42269753975
0!
#42270253975
1!
#42270753975
0!
#42271253975
1!
#42271753975
0!
#42272253975
1!
#42272753975
0!
#42273253975
1!
#42273753975
0!
#42274253975
1!
#42274754000
0!
#42275253975
1!
#42275753975
0!
#42276253975
1!
#42276753975
0!
#42277253975
1!
#42277754000
0!
#42278253975
1!
#42278753975
0!
#42279253975
1!
#42279753975
0!
#42280253975
1!
#42280754000
0!
#42281253975
1!
#42281753975
0!
#42282253975
1!
#42282753975
0!
#42283253975
1!
#42283754000
0!
#42284253975
1!
#42284753975
0!
#42285254000
1!
#42285753975
0!
#42286253975
1!
#42286754000
0!
#42287253975
1!
#42287753975
0!
#42288253975
1!
#42288753975
0!
#42289253975
1!
#42289754000
0!
#42290253975
1!
#42290753975
0!
#42291253975
1!
#42291753975
0!
#42292253975
1!
#42292753975
0!
#42293253975
1!
#42293753975
0!
#42294253975
1!
#42294753975
0!
#42295253975
1!
#42295753975
0!
#42296253975
1!
#42296753975
0!
#42297253975
1!
#42297753975
0!
#42298253975
1!
#42298753975
0!
#42299253975
1!
#42299753975
0!
#42300253975
1!
#42300753975
0!
#42301253975
1!
#42301753975
0!
#42302253975
1!
#42302753975
0!
#42303253975
1!
#42303753975
0!
#42304253975
1!
#42304753975
0!
#42305253975
1!
#42305753975
0!
#42306253975
1!
#42306753975
0!
#42307253975
1!
#42307753975
0!
#42308253975
1!
#42308753975
0!
#42309253975
1!
#42309753975
0!
#42310253975
1!
#42310753975
0!
#42311253975
1!
#42311753975
0!
#42312253975
1!
#42312753975
0!
#42313253975
1!
#42313753975
0!
#42314253975
1!
#42314753975
0!
#42315253975
1!
#42315753975
0!
#42316253975
1!
#42316753975
0!
#42317253975
1!
#42317753975
0!
#42318253975
1!
#42318753975
0!
#42319253975
1!
#42319753975
0!
#42320253975
1!
#42320753975
0!
#42321253975
1!
#42321753975
0!
#42322253975
1!
#42322753975
0!
#42323253975
1!
#42323753975
0!
#42324253975
1!
#42324753975
0!
#42325253975
1!
#42325753975
0!
#42326253975
1!
#42326753975
0!
#42327253975
1!
#42327753975
0!
#42328253975
1!
#42328753975
0!
#42329253975
1!
#42329753975
0!
#42330253975
1!
#42330753975
0!
#42331253975
1!
#42331753975
0!
#42332253975
1!
#42332753975
0!
#42333253975
1!
#42333753975
0!
#42334253975
1!
#42334753975
0!
#42335253975
1!
#42335753975
0!
#42336253975
1!
#42336753975
0!
#42337253975
1!
#42337753975
0!
#42338253975
1!
#42338754000
0!
#42339253975
1!
#42339753975
0!
#42340253975
1!
#42340753975
0!
#42341253975
1!
#42341754000
0!
#42342253975
1!
#42342753975
0!
#42343253975
1!
#42343753975
0!
#42344253975
1!
#42344754000
0!
#42345253975
1!
#42345753975
0!
#42346253975
1!
#42346753975
0!
#42347253975
1!
#42347754000
0!
#42348253975
1!
#42348753975
0!
#42349254000
1!
#42349753975
0!
#42350253975
1!
#42350754000
0!
#42351253975
1!
#42351753975
0!
#42352253975
1!
#42352753975
0!
#42353253975
1!
#42353753975
0!
#42354253975
1!
#42354753975
0!
#42355253975
1!
#42355753975
0!
#42356253975
1!
#42356753975
0!
#42357253975
1!
#42357753975
0!
#42358253975
1!
#42358753975
0!
#42359253975
1!
#42359753975
0!
#42360253975
1!
#42360753975
0!
#42361253975
1!
#42361753975
0!
#42362253975
1!
#42362753975
0!
#42363253975
1!
#42363753975
0!
#42364253975
1!
#42364753975
0!
#42365253975
1!
#42365753975
0!
#42366253975
1!
#42366753975
0!
#42367253975
1!
#42367753975
0!
#42368253975
1!
#42368753975
0!
#42369253975
1!
#42369753975
0!
#42370253975
1!
#42370753975
0!
#42371253975
1!
#42371753975
0!
#42372253975
1!
#42372753975
0!
#42373253975
1!
#42373753975
0!
#42374253975
1!
#42374753975
0!
#42375253975
1!
#42375753975
0!
#42376253975
1!
#42376753975
0!
#42377253975
1!
#42377753975
0!
#42378253975
1!
#42378753975
0!
#42379253975
1!
#42379753975
0!
#42380253975
1!
#42380753975
0!
#42381253975
1!
#42381753975
0!
#42382253975
1!
#42382753975
0!
#42383253975
1!
#42383753975
0!
#42384253975
1!
#42384753975
0!
#42385253975
1!
#42385753975
0!
#42386253975
1!
#42386753975
0!
#42387253975
1!
#42387753975
0!
#42388253975
1!
#42388753975
0!
#42389253975
1!
#42389753975
0!
#42390253975
1!
#42390753975
0!
#42391253975
1!
#42391753975
0!
#42392253975
1!
#42392753975
0!
#42393253975
1!
#42393753975
0!
#42394253975
1!
#42394753975
0!
#42395253975
1!
#42395753975
0!
#42396253975
1!
#42396753975
0!
#42397253975
1!
#42397753975
0!
#42398253975
1!
#42398753975
0!
#42399253975
1!
#42399754000
0!
#42400253975
1!
#42400753975
0!
#42401253975
1!
#42401753975
0!
#42402253975
1!
#42402754000
0!
#42403253975
1!
#42403753975
0!
#42404253975
1!
#42404753975
0!
#42405253975
1!
#42405753975
0!
#42406253975
1!
#42406753975
0!
#42407253975
1!
#42407753975
0!
#42408253975
1!
#42408754000
0!
#42409253975
1!
#42409753975
0!
#42410253975
1!
#42410753975
0!
#42411253975
1!
#42411754000
0!
#42412253975
1!
#42412753975
0!
#42413254000
1!
#42413753975
0!
#42414253975
1!
#42414754000
0!
#42415253975
1!
#42415753975
0!
#42416253975
1!
#42416753975
0!
#42417253975
1!
#42417753975
0!
#42418253975
1!
#42418753975
0!
#42419253975
1!
#42419753975
0!
#42420253975
1!
#42420753975
0!
#42421253975
1!
#42421753975
0!
#42422253975
1!
#42422753975
0!
#42423253975
1!
#42423753975
0!
#42424253975
1!
#42424753975
0!
#42425253975
1!
#42425753975
0!
#42426253975
1!
#42426753975
0!
#42427253975
1!
#42427753975
0!
#42428253975
1!
#42428753975
0!
#42429253975
1!
#42429753975
0!
#42430253975
1!
#42430753975
0!
#42431253975
1!
#42431753975
0!
#42432253975
1!
#42432753975
0!
#42433253975
1!
#42433753975
0!
#42434253975
1!
#42434753975
0!
#42435253975
1!
#42435753975
0!
#42436253975
1!
#42436753975
0!
#42437253975
1!
#42437753975
0!
#42438253975
1!
#42438753975
0!
#42439253975
1!
#42439753975
0!
#42440253975
1!
#42440753975
0!
#42441253975
1!
#42441753975
0!
#42442253975
1!
#42442753975
0!
#42443253975
1!
#42443753975
0!
#42444253975
1!
#42444753975
0!
#42445253975
1!
#42445753975
0!
#42446253975
1!
#42446753975
0!
#42447253975
1!
#42447753975
0!
#42448253975
1!
#42448753975
0!
#42449253975
1!
#42449753975
0!
#42450253975
1!
#42450753975
0!
#42451253975
1!
#42451753975
0!
#42452253975
1!
#42452753975
0!
#42453253975
1!
#42453753975
0!
#42454253975
1!
#42454753975
0!
#42455253975
1!
#42455753975
0!
#42456253975
1!
#42456753975
0!
#42457253975
1!
#42457753975
0!
#42458253975
1!
#42458753975
0!
#42459253975
1!
#42459753975
0!
#42460253975
1!
#42460753975
0!
#42461253975
1!
#42461753975
0!
#42462253975
1!
#42462753975
0!
#42463253975
1!
#42463754000
0!
#42464253975
1!
#42464753975
0!
#42465253975
1!
#42465753975
0!
#42466253975
1!
#42466754000
0!
#42467253975
1!
#42467753975
0!
#42468253975
1!
#42468753975
0!
#42469253975
1!
#42469754000
0!
#42470253975
1!
#42470753975
0!
#42471253975
1!
#42471753975
0!
#42472253975
1!
#42472754000
0!
#42473253975
1!
#42473753975
0!
#42474253975
1!
#42474753975
0!
#42475253975
1!
#42475754000
0!
#42476253975
1!
#42476753975
0!
#42477254000
1!
#42477753975
0!
#42478253975
1!
#42478753975
0!
#42479253975
1!
#42479753975
0!
#42480253975
1!
#42480753975
0!
#42481253975
1!
#42481753975
0!
#42482253975
1!
#42482753975
0!
#42483253975
1!
#42483753975
0!
#42484253975
1!
#42484753975
0!
#42485253975
1!
#42485753975
0!
#42486253975
1!
#42486753975
0!
#42487253975
1!
#42487753975
0!
#42488253975
1!
#42488753975
0!
#42489253975
1!
#42489753975
0!
#42490253975
1!
#42490753975
0!
#42491253975
1!
#42491753975
0!
#42492253975
1!
#42492753975
0!
#42493253975
1!
#42493753975
0!
#42494253975
1!
#42494753975
0!
#42495253975
1!
#42495753975
0!
#42496253975
1!
#42496753975
0!
#42497253975
1!
#42497753975
0!
#42498253975
1!
#42498753975
0!
#42499253975
1!
#42499753975
0!
#42500253975
1!
#42500753975
0!
#42501253975
1!
#42501753975
0!
#42502253975
1!
#42502753975
0!
#42503253975
1!
#42503753975
0!
#42504253975
1!
#42504753975
0!
#42505253975
1!
#42505753975
0!
#42506253975
1!
#42506753975
0!
#42507253975
1!
#42507753975
0!
#42508253975
1!
#42508753975
0!
#42509253975
1!
#42509753975
0!
#42510253975
1!
#42510753975
0!
#42511253975
1!
#42511753975
0!
#42512253975
1!
#42512753975
0!
#42513253975
1!
#42513753975
0!
#42514253975
1!
#42514753975
0!
#42515253975
1!
#42515753975
0!
#42516253975
1!
#42516753975
0!
#42517253975
1!
#42517753975
0!
#42518253975
1!
#42518753975
0!
#42519253975
1!
#42519753975
0!
#42520253975
1!
#42520753975
0!
#42521253975
1!
#42521753975
0!
#42522253975
1!
#42522753975
0!
#42523253975
1!
#42523753975
0!
#42524253975
1!
#42524754000
0!
#42525253975
1!
#42525753975
0!
#42526253975
1!
#42526753975
0!
#42527253975
1!
#42527754000
0!
#42528253975
1!
#42528753975
0!
#42529254000
1!
#42529753975
0!
#42530253975
1!
#42530754000
0!
#42531253975
1!
#42531753975
0!
#42532254000
1!
#42532753975
0!
#42533253975
1!
#42533754000
0!
#42534253975
1!
#42534753975
0!
#42535254000
1!
#42535753975
0!
#42536253975
1!
#42536754000
0!
#42537253975
1!
#42537753975
0!
#42538253975
1!
#42538753975
0!
#42539253975
1!
#42539754000
0!
#42540253975
1!
#42540753975
0!
#42541253975
1!
#42541753975
0!
#42542253975
1!
#42542753975
0!
#42543253975
1!
#42543753975
0!
#42544253975
1!
#42544753975
0!
#42545253975
1!
#42545753975
0!
#42546253975
1!
#42546753975
0!
#42547253975
1!
#42547753975
0!
#42548253975
1!
#42548753975
0!
#42549253975
1!
#42549753975
0!
#42550253975
1!
#42550753975
0!
#42551253975
1!
#42551753975
0!
#42552253975
1!
#42552753975
0!
#42553253975
1!
#42553753975
0!
#42554253975
1!
#42554753975
0!
#42555253975
1!
#42555753975
0!
#42556253975
1!
#42556753975
0!
#42557253975
1!
#42557753975
0!
#42558253975
1!
#42558753975
0!
#58661253975
1!
#58661753975
0!
#58662253975
1!
#58662753975
0!
#58663253975
1!
#58663753975
0!
#58664253975
1!
#58664753975
0!
#58665253975
1!
#58665753975
0!
#58666253975
1!
#58666753975
0!
#58667253975
1!
#58667753975
0!
#58668253975
1!
#58668753975
0!
#58669253975
1!
#58669753975
0!
#58670253975
1!
#58670753975
0!
#58671253975
1!
#58671753975
0!
#58672253975
1!
#58672753975
0!
#58673253975
1!
#58673753975
0!
#58674253975
1!
#58674753975
0!
#58675253975
1!
#58675753975
0!
#58676253975
1!
#58676753975
0!
#58677253975
1!
#58677753975
0!
#58678253975
1!
#58678753975
0!
#58679253975
1!
#58679753975
0!
#58680253975
1!
#58680753975
0!
#58681253975
1!
#58681753975
0!
#58682253975
1!
#58682753975
0!
#58683253975
1!
#58683753975
0!
#58684253975
1!
#58684753975
0!
#58685253975
1!
#58685753975
0!
#58686253975
1!
#58686753975
0!
#58687253975
1!
#58687753975
0!
#58688253975
1!
#58688753975
0!
#58689253975
1!
#58689753975
0!
#58690253975
1!
#58690753975
0!
#58691253975
1!
#58691753975
0!
#58692253975
1!
#58692753975
0!
#58693253975
1!
#58693753975
0!
#58694253975
1!
#58694753975
0!
#58695253975
1!
#58695753975
0!
#58696253975
1!
#58696753975
0!
#58697253975
1!
#58697753975
0!
#58698253975
1!
#58698753975
0!
#58699253975
1!
#58699753975
0!
#58700253975
1!
#58700753975
0!
#58701253975
1!
#58701753975
0!
#58702253975
1!
#58702753975
0!
#58703253975
1!
#58703753975
0!
#58704253975
1!
#58704753975
0!
#58705253975
1!
#58705753975
0!
#58706253975
1!
#58706753975
0!
#58707253975
1!
#58707753975
0!
#58708253975
1!
#58708753975
0!
#58709253975
1!
#58709753975
0!
#58710253975
1!
#58710753975
0!
#58711253975
1!
#58711753975
0!
#58712253975
1!
#58712753975
0!
#58713253975
1!
#58713753975
0!
#58714253975
1!
#58714753975
0!
#58715253975
1!
#58715753975
0!
#58716253975
1!
#58716753975
0!
#58717253975
1!
#58717753975
0!
#58718253975
1!
#58718753975
0!
#58719253975
1!
#58719753975
0!
#58720253975
1!
#58720753975
0!
#58721253975
1!
#58721753975
0!
#58722253975
1!
#58722753975
0!
#58723253975
1!
#58723753975
0!
#58724253975
1!
#58724753975
0!
#58725253975
1!
#58725753975
0!
#58726253975
1!
#58726753975
0!
#58727253975
1!
#58727753975
0!
#58728253975
1!
#58728753975
0!
#58729253975
1!
#58729753975
0!
#58730253975
1!
#58730753975
0!
#58731253975
1!
#58731753975
0!
#58732253975
1!
#58732753975
0!
#58733253975
1!
#58733753975
0!
#58734253975
1!
#58734753975
0!
#58735253975
1!
#58735753975
0!
#58736253975
1!
#58736753975
0!
#58737253975
1!
#58737753975
0!
#58738253975
1!
#58738753975
0!
#58739253975
1!
#58739753975
0!
#58740253975
1!
#58740753975
0!
#58741253975
1!
#58741753975
0!
#58742253975
1!
#58742753975
0!
#58743253975
1!
#58743753975
0!
#58744253975
1!
#58744753975
0!
#58745253975
1!
#58745753975
0!
#58746253975
1!
#58746753975
0!
#58747253975
1!
#58747753975
0!
#58748253975
1!
#58748753975
0!
#58749253975
1!
#58749753975
0!
#58750253975
1!
#58750753975
0!
#58751253975
1!
#58751753975
0!
#58752253975
1!
#58752753975
0!
#58753253975
1!
#58753753975
0!
#58754253975
1!
#58754753975
0!
#58755253975
1!
#58755753975
0!
#58756253975
1!
#58756753975
0!
#58757253975
1!
#58757753975
0!
#58758253975
1!
#58758753975
0!
#58759253975
1!
#58759753975
0!
#58760253975
1!
#58760753975
0!
#58761253975
1!
#58761753975
0!
#58762253975
1!
#58762753975
0!
#58763253975
1!
#58763753975
0!
#58764253975
1!
#58764753975
0!
#58765253975
1!
#58765753975
0!
#58766253975
1!
#58766753975
0!
#58767253975
1!
#58767753975
0!
#58768253975
1!
#58768753975
0!
#58769253975
1!
#58769753975
0!
#58770253975
1!
#58770753975
0!
#58771253975
1!
#58771753975
0!
#58772253975
1!
#58772753975
0!
#58773253975
1!
#58773753975
0!
#58774253975
1!
#58774753975
0!
#58775253975
1!
#58775753975
0!
#58776253975
1!
#58776753975
0!
#58777253975
1!
#58777753975
0!
#58778253975
1!
#58778753975
0!
#58779253975
1!
#58779753975
0!
#58780253975
1!
#58780753975
0!
#58781253975
1!
#58781753975
0!
#58782253975
1!
#58782753975
0!
#58783253975
1!
#58783753975
0!
#58784253975
1!
#58784753975
0!
#58785253975
1!
#58785753975
0!
#58786253975
1!
#58786753975
0!
#58787253975
1!
#58787753975
0!
#58788253975
1!
#58788753975
0!
#58789253975
1!
#58789753975
0!
#58790253975
1!
#58790753975
0!
#58791253975
1!
#58791753975
0!
#58792253975
1!
#58792753975
0!
#58793253975
1!
#58793753975
0!
#58794253975
1!
#58794753975
0!
#58795253975
1!
#58795753975
0!
#58796253975
1!
#58796753975
0!
#58797253975
1!
#58797753975
0!
#58798253975
1!
#58798753975
0!
#58799253975
1!
#58799753975
0!
#58800253975
1!
#58800753975
0!
#58801253975
1!
#58801753975
0!
#58802253975
1!
#58802753975
0!
#58803253975
1!
#58803753975
0!
#58804253975
1!
#58804753975
0!
#58805253975
1!
#58805753975
0!
#58806253975
1!
#58806753975
0!
#58807253975
1!
#58807753975
0!
#58808253975
1!
#58808753975
0!
#58809253975
1!
#58809753975
0!
#58810253975
1!
#58810753975
0!
#58811253975
1!
#58811753975
0!
#58812253975
1!
#58812753975
0!
#58813253975
1!
#58813753975
0!
#58814253975
1!
#58814753975
0!
#58815253975
1!
#58815753975
0!
#58816253975
1!
#58816753975
0!
#58817253975
1!
#58817753975
0!
#58818253975
1!
#58818753975
0!
#58819253975
1!
#58819753975
0!
#58820253975
1!
#58820753975
0!
#58821253975
1!
#58821753975
0!
#58822253975
1!
#58822753975
0!
#58823253975
1!
#58823753975
0!
#58824253975
1!
#58824753975
0!
#58825253975
1!
#58825753975
0!
#58826253975
1!
#58826753975
0!
#58827253975
1!
#58827753975
0!
#58828253975
1!
#58828753975
0!
#58829253975
1!
#58829753975
0!
#58830253975
1!
#58830753975
0!
#58831253975
1!
#58831753975
0!
#58832253975
1!
#58832753975
0!
#58833253975
1!
#58833753975
0!
#58834253975
1!
#58834753975
0!
#58835253975
1!
#58835753975
0!
#58836253975
1!
#58836753975
0!
#58837253975
1!
#58837753975
0!
#58838253975
1!
#58838753975
0!
#58839253975
1!
#58839753975
0!
#58840253975
1!
#58840753975
0!
#58841253975
1!
#58841753975
0!
#58842253975
1!
#58842753975
0!
#58843253975
1!
#58843753975
0!
#58844253975
1!
#58844753975
0!
#58845253975
1!
#58845753975
0!
#58846253975
1!
#58846753975
0!
#58847253975
1!
#58847753975
0!
#58848253975
1!
#58848753975
0!
#58849253975
1!
#58849753975
0!
#58850253975
1!
#58850753975
0!
#58851253975
1!
#58851753975
0!
#58852253975
1!
#58852753975
0!
#58853253975
1!
#58853753975
0!
#58854253975
1!
#58854753975
0!
#58855253975
1!
#58855753975
0!
#58856253975
1!
#58856753975
0!
#58857253975
1!
#58857753975
0!
#58858253975
1!
#58858753975
0!
#58859253975
1!
#58859753975
0!
#58860253975
1!
#58860753975
0!
#58861253975
1!
#58861753975
0!
#58862253975
1!
#58862753975
0!
#58863253975
1!
#58863753975
0!
#58864253975
1!
#58864753975
0!
#58865253975
1!
#58865753975
0!
#58866253975
1!
#58866753975
0!
#58867253975
1!
#58867753975
0!
#58868253975
1!
#58868753975
0!
#58869253975
1!
#58869753975
0!
#58870253975
1!
#58870753975
0!
#58871253975
1!
#58871753975
0!
#58872253975
1!
#58872753975
0!
#58873253975
1!
#58873753975
0!
#58874253975
1!
#58874753975
0!
#58875253975
1!
#58875753975
0!
#58876253975
1!
#58876753975
0!
#58877253975
1!
#58877753975
0!
#58878253975
1!
#58878753975
0!
#58879253975
1!
#58879753975
0!
#58880253975
1!
#58880753975
0!
#58881253975
1!
#58881753975
0!
#58882253975
1!
#58882753975
0!
#58883253975
1!
#58883753975
0!
#58884253975
1!
#58884753975
0!
#58885253975
1!
#58885753975
0!
#58886253975
1!
#58886753975
0!
#58887253975
1!
#58887753975
0!
#58888253975
1!
#58888753975
0!
#58889253975
1!
#58889753975
0!
#58890253975
1!
#58890753975
0!
#58891253975
1!
#58891753975
0!
#58892253975
1!
#58892753975
0!
#58893253975
1!
#58893753975
0!
#58894253975
1!
#58894753975
0!
#58895253975
1!
#58895753975
0!
#58896253975
1!
#58896753975
0!
#58897253975
1!
#58897753975
0!
#58898253975
1!
#58898753975
0!
#58899253975
1!
#58899753975
0!
#58900253975
1!
#58900753975
0!
#58901253975
1!
#58901753975
0!
#58902253975
1!
#58902753975
0!
#58903253975
1!
#58903753975
0!
#58904253975
1!
#58904753975
0!
#58905253975
1!
#58905753975
0!
#58906253975
1!
#58906753975
0!
#58907253975
1!
#58907753975
0!
#58908253975
1!
#58908753975
0!
#58909253975
1!
#58909753975
0!
#58910253975
1!
#58910753975
0!
#58911253975
1!
#58911753975
0!
#58912253975
1!
#58912753975
0!
#58913253975
1!
#58913753975
0!
#58914253975
1!
#58914753975
0!
#58915253975
1!
#58915753975
0!
#58916253975
1!
#58916753975
0!
#58917253975
1!
#58917753975
0!
#58918253975
1!
#58918753975
0!
#58919253975
1!
#58919753975
0!
#58920253975
1!
#58920753975
0!
#58921253975
1!
#58921753975
0!
#58922253975
1!
#58922753975
0!
#58923253975
1!
#58923753975
0!
#58924253975
1!
#58924753975
0!
#58925253975
1!
#58925753975
0!
#58926253975
1!
#58926753975
0!
#58927253975
1!
#58927753975
0!
#58928253975
1!
#58928753975
0!
#58929253975
1!
#58929753975
0!
#58930253975
1!
#58930753975
0!
#58931253975
1!
#58931753975
0!
#58932253975
1!
#58932753975
0!
#58933253975
1!
#58933753975
0!
#58934253975
1!
#58934753975
0!
#58935253975
1!
#58935753975
0!
#58936253975
1!
#58936753975
0!
#58937253975
1!
#58937753975
0!
#58938253975
1!
#58938753975
0!
#58939253975
1!
#58939753975
0!
#58940253975
1!
#58940753975
0!
#58941253975
1!
#58941753975
0!
#58942253975
1!
#58942753975
0!
#58943253975
1!
#58943753975
0!
#58944253975
1!
#58944753975
0!
#58945253975
1!
#58945753975
0!
#58946253975
1!
#58946753975
0!
#58947253975
1!
#58947753975
0!
#58948253975
1!
#58948753975
0!
#58949253975
1!
#58949753975
0!
#58950253975
1!
#58950753975
0!
#58951253975
1!
#58951753975
0!
#58952253975
1!
#58952753975
0!
#58953253975
1!
#58953753975
0!
#58954253975
1!
#58954753975
0!
#58955253975
1!
#58955753975
0!
#58956253975
1!
#58956753975
0!
#58957253975
1!
#58957753975
0!
#58958253975
1!
#58958753975
0!
#58959253975
1!
#58959753975
0!
#58960253975
1!
#58960753975
0!
#58961253975
1!
#58961753975
0!
#58962253975
1!
#58962753975
0!
#58963253975
1!
#58963753975
0!
#58964253975
1!
#58964753975
0!
#58965253975
1!
#58965753975
0!
#58966253975
1!
#58966753975
0!
#58967253975
1!
#58967753975
0!
#58968253975
1!
#58968753975
0!
#58969253975
1!
#58969753975
0!
#58970253975
1!
#58970753975
0!
#58971253975
1!
#58971753975
0!
#58972253975
1!
#58972753975
0!
#58973253975
1!
#58973753975
0!
#58974253975
1!
#58974753975
0!
#58975253975
1!
#58975753975
0!
#58976253975
1!
#58976753975
0!
#58977253975
1!
#58977753975
0!
#58978253975
1!
#58978753975
0!
#58979253975
1!
#58979753975
0!
#58980253975
1!
#58980753975
0!
#58981253975
1!
#58981753975
0!
#58982253975
1!
#58982753975
0!
#58983253975
1!
#58983753975
0!
#58984253975
1!
#58984753975
0!
#58985253975
1!
#58985753975
0!
#58986253975
1!
#58986753975
0!
#58987253975
1!
#58987753975
0!
#58988253975
1!
#58988753975
0!
#58989253975
1!
#58989753975
0!
#58990253975
1!
#58990753975
0!
#58991253975
1!
#58991753975
0!
#58992253975
1!
#58992753975
0!
#58993253975
1!
#58993753975
0!
#58994253975
1!
#58994753975
0!
#58995253975
1!
#58995753975
0!
#58996253975
1!
#58996753975
0!
#58997253975
1!
#58997753975
0!
#58998253975
1!
#58998753975
0!
#58999253975
1!
#58999753975
0!
#59000253975
1!
#59000753975
0!
#59001253975
1!
#59001753975
0!
#59002253975
1!
#59002753975
0!
#59003253975
1!
#59003753975
0!
#59004253975
1!
#59004753975
0!
#59005253975
1!
#59005753975
0!
#59006253975
1!
#59006753975
0!
#59007253975
1!
#59007753975
0!
#59008253975
1!
#59008753975
0!
#59009253975
1!
#59009753975
0!
#59010253975
1!
#59010753975
0!
#59011253975
1!
#59011753975
0!
#59012253975
1!
#59012753975
0!
#59013253975
1!
#59013753975
0!
#59014253975
1!
#59014753975
0!
#59015253975
1!
#59015753975
0!
#59016253975
1!
#59016753975
0!
#59017253975
1!
#59017753975
0!
#59018253975
1!
#59018753975
0!
#59019253975
1!
#59019753975
0!
#59020253975
1!
#59020753975
0!
#59021253975
1!
#59021753975
0!
#59022253975
1!
#59022753975
0!
#59023253975
1!
#59023753975
0!
#59024253975
1!
#59024753975
0!
#59025253975
1!
#59025753975
0!
#59026253975
1!
#59026753975
0!
#59027253975
1!
#59027753975
0!
#59028253975
1!
#59028753975
0!
#59029253975
1!
#59029753975
0!
#59030253975
1!
#59030753975
0!
#59031253975
1!
#59031753975
0!
#59032253975
1!
#59032753975
0!
#59033253975
1!
#59033753975
0!
#59034253975
1!
#59034753975
0!
#59035253975
1!
#59035753975
0!
#59036253975
1!
#59036753975
0!
#59037253975
1!
#59037753975
0!
#59038253975
1!
#59038753975
0!
#59039253975
1!
#59039753975
0!
#59040253975
1!
#59040753975
0!
#59041253975
1!
#59041753975
0!
#59042253975
1!
#59042753975
0!
#59043253975
1!
#59043753975
0!
#59044253975
1!
#59044753975
0!
#59045253975
1!
#59045753975
0!
#59046253975
1!
#59046753975
0!
#59047253975
1!
#59047753975
0!
#59048253975
1!
#59048753975
0!
#59049253975
1!
#59049753975
0!
#59050253975
1!
#59050753975
0!
#59051253975
1!
#59051753975
0!
#59052253975
1!
#59052753975
0!
#59053253975
1!
#59053753975
0!
#59054253975
1!
#59054753975
0!
#59055253975
1!
#59055753975
0!
#59056253975
1!
#59056753975
0!
#59057253975
1!
#59057753975
0!
#59058253975
1!
#59058753975
0!
#59059253975
1!
#59059753975
0!
#59060253975
1!
#59060753975
0!
#59061253975
1!
#59061753975
0!
#59062253975
1!
#59062753975
0!
#59063253975
1!
#59063753975
0!
#59064253975
1!
#59064753975
0!
#59065253975
1!
#59065753975
0!
#59066253975
1!
#59066753975
0!
#59067253975
1!
#59067753975
0!
#59068253975
1!
#59068753975
0!
#59069253975
1!
#59069753975
0!
#59070253975
1!
#59070753975
0!
#59071253975
1!
#59071753975
0!
#59072253975
1!
#59072753975
0!
#59073253975
1!
#59073753975
0!
#59074253975
1!
#59074753975
0!
#59075253975
1!
#59075753975
0!
#59076253975
1!
#59076753975
0!
#59077253975
1!
#59077753975
0!
#59078253975
1!
#59078753975
0!
#59079253975
1!
#59079753975
0!
#59080253975
1!
#59080753975
0!
#59081253975
1!
#59081753975
0!
#59082253975
1!
#59082753975
0!
#59083253975
1!
#59083753975
0!
#59084253975
1!
#59084753975
0!
#59085253975
1!
#59085753975
0!
#59086253975
1!
#59086753975
0!
#59087253975
1!
#59087753975
0!
#59088253975
1!
#59088753975
0!
#59089253975
1!
#59089753975
0!
#59090253975
1!
#59090753975
0!
#59091253975
1!
#59091753975
0!
#59092253975
1!
#59092753975
0!
#59093253975
1!
#59093753975
0!
#59094253975
1!
#59094753975
0!
#59095253975
1!
#59095753975
0!
#59096253975
1!
#59096753975
0!
#59097253975
1!
#59097753975
0!
#59098253975
1!
#59098753975
0!
#59099253975
1!
#59099753975
0!
#59100253975
1!
#59100753975
0!
#59101253975
1!
#59101753975
0!
#59102253975
1!
#59102753975
0!
#59103253975
1!
#59103753975
0!
#59104253975
1!
#59104753975
0!
#59105253975
1!
#59105753975
0!
#59106253975
1!
#59106753975
0!
#59107253975
1!
#59107753975
0!
#59108253975
1!
#59108753975
0!
#59109253975
1!
#59109753975
0!
#59110253975
1!
#59110753975
0!
#59111253975
1!
#59111753975
0!
#59112253975
1!
#59112753975
0!
#59113253975
1!
#59113753975
0!
#59114253975
1!
#59114753975
0!
#59115253975
1!
#59115753975
0!
#59116253975
1!
#59116753975
0!
#59117253975
1!
#59117753975
0!
#59118253975
1!
#59118753975
0!
#59119253975
1!
#59119753975
0!
#59120253975
1!
#59120753975
0!
#59121253975
1!
#59121753975
0!
#59122253975
1!
#59122753975
0!
#59123253975
1!
#59123753975
0!
#59124253975
1!
#59124753975
0!
#59125253975
1!
#59125753975
0!
#59126253975
1!
#59126753975
0!
#59127253975
1!
#59127753975
0!
#59128253975
1!
#59128753975
0!
#59129253975
1!
#59129753975
0!
#59130253975
1!
#59130753975
0!
#59131253975
1!
#59131753975
0!
#59132253975
1!
#59132753975
0!
#59133253975
1!
#59133753975
0!
#59134253975
1!
#59134753975
0!
#59135253975
1!
#59135753975
0!
#59136253975
1!
#59136753975
0!
#59137253975
1!
#59137753975
0!
#59138253975
1!
#59138753975
0!
#59139253975
1!
#59139753975
0!
#59140253975
1!
#59140753975
0!
#59141253975
1!
#59141753975
0!
#59142253975
1!
#59142753975
0!
#59143253975
1!
#59143753975
0!
#59144253975
1!
#59144753975
0!
#59145253975
1!
#59145753975
0!
#59146253975
1!
#59146753975
0!
#59147253975
1!
#59147753975
0!
#59148253975
1!
#59148753975
0!
#59149253975
1!
#59149753975
0!
#59150253975
1!
#59150753975
0!
#59151253975
1!
#59151753975
0!
#59152253975
1!
#59152753975
0!
#59153253975
1!
#59153753975
0!
#59154253975
1!
#59154753975
0!
#59155253975
1!
#59155753975
0!
#59156253975
1!
#59156753975
0!
#59157253975
1!
#59157753975
0!
#59158253975
1!
#59158753975
0!
#59159253975
1!
#59159753975
0!
#59160253975
1!
#59160753975
0!
#59161253975
1!
#59161753975
0!
#59162253975
1!
#59162753975
0!
#59163253975
1!
#59163753975
0!
#59164253975
1!
#59164753975
0!
#59165253975
1!
#59165753975
0!
#59166253975
1!
#59166753975
0!
#59167253975
1!
#59167753975
0!
#59168253975
1!
#59168753975
0!
#59169253975
1!
#59169753975
0!
#59170253975
1!
#59170753975
0!
#59171253975
1!
#59171753975
0!
#59172253975
1!
#59172753975
0!
#59173253975
1!
#59173753975
0!
#59174253975
1!
#59174753975
0!
#59175253975
1!
#59175753975
0!
#59176253975
1!
#59176753975
0!
#59177253975
1!
#59177753975
0!
#59178253975
1!
#59178753975
0!
#59179253975
1!
#59179753975
0!
#59180253975
1!
#59180753975
0!
#59181253975
1!
#59181753975
0!
#59182253975
1!
#59182753975
0!
#59183253975
1!
#59183753975
0!
#59184253975
1!
#59184753975
0!
#59185253975
1!
#59185753975
0!
#59186253975
1!
#59186753975
0!
#59187253975
1!
#59187753975
0!
#59188253975
1!
#59188753975
0!
#59189253975
1!
#59189753975
0!
#59190253975
1!
#59190753975
0!
#59191253975
1!
#59191753975
0!
#59192253975
1!
#59192753975
0!
#59193253975
1!
#59193753975
0!
#59194253975
1!
#59194753975
0!
#59195253975
1!
#59195753975
0!
#59196253975
1!
#59196753975
0!
#59197253975
1!
#59197753975
0!
#59198253975
1!
#59198753975
0!
#59199253975
1!
#59199753975
0!
#59200253975
1!
#59200753975
0!
#59201253975
1!
#59201753975
0!
#59202253975
1!
#59202753975
0!
#59203253975
1!
#59203753975
0!
#59204253975
1!
#59204753975
0!
#59205253975
1!
#59205753975
0!
#59206253975
1!
#59206753975
0!
#59207253975
1!
#59207753975
0!
#59208253975
1!
#59208753975
0!
#59209253975
1!
#59209753975
0!
#59210253975
1!
#59210753975
0!
#59211253975
1!
#59211753975
0!
#59212253975
1!
#59212753975
0!
#59213253975
1!
#59213753975
0!
#59214253975
1!
#59214753975
0!
#59215253975
1!
#59215753975
0!
#59216253975
1!
#59216753975
0!
#59217253975
1!
#59217753975
0!
#59218253975
1!
#59218753975
0!
#59219253975
1!
#59219753975
0!
#59220253975
1!
#59220753975
0!
#59221253975
1!
#59221753975
0!
#59222253975
1!
#59222753975
0!
#59223253975
1!
#59223753975
0!
#59224253975
1!
#59224753975
0!
#59225253975
1!
#59225753975
0!
#59226253975
1!
#59226753975
0!
#59227253975
1!
#59227753975
0!
#59228253975
1!
#59228753975
0!
#59229253975
1!
#59229753975
0!
#59230253975
1!
#59230753975
0!
#59231253975
1!
#59231753975
0!
#59232253975
1!
#59232753975
0!
#59233253975
1!
#59233753975
0!
#59234253975
1!
#59234753975
0!
#59235253975
1!
#59235753975
0!
#59236253975
1!
#59236753975
0!
#59237253975
1!
#59237753975
0!
#59238253975
1!
#59238753975
0!
#59239253975
1!
#59239753975
0!
#59240253975
1!
#59240753975
0!
#59241253975
1!
#59241753975
0!
#59242253975
1!
#59242753975
0!
#59243253975
1!
#59243753975
0!
#59244253975
1!
#59244753975
0!
#59245253975
1!
#59245753975
0!
#59246253975
1!
#59246753975
0!
#59247253975
1!
#59247753975
0!
#59248253975
1!
#59248753975
0!
#59249253975
1!
#59249753975
0!
#59250253975
1!
#59250753975
0!
#59251253975
1!
#59251753975
0!
#59252253975
1!
#59252753975
0!
#59253253975
1!
#59253753975
0!
#59254253975
1!
#59254753975
0!
#59255253975
1!
#59255753975
0!
#59256253975
1!
#59256753975
0!
#59257253975
1!
#59257753975
0!
#59258253975
1!
#59258753975
0!
#59259253975
1!
#59259753975
0!
#59260253975
1!
#59260753975
0!
#59261253975
1!
#59261753975
0!
#59262253975
1!
#59262753975
0!
#59263253975
1!
#59263753975
0!
#59264253975
1!
#59264753975
0!
#59265253975
1!
#59265753975
0!
#59266253975
1!
#59266753975
0!
#59267253975
1!
#59267753975
0!
#59268253975
1!
#59268753975
0!
#59269253975
1!
#59269753975
0!
#59270253975
1!
#59270753975
0!
#59271253975
1!
#59271753975
0!
#59272253975
1!
#59272753975
0!
#59273253975
1!
#59273753975
0!
#59274253975
1!
#59274753975
0!
#59275253975
1!
#59275753975
0!
#59276253975
1!
#59276753975
0!
#59277253975
1!
#59277753975
0!
#59278253975
1!
#59278753975
0!
#59279253975
1!
#59279753975
0!
#59280253975
1!
#59280753975
0!
#59281253975
1!
#59281753975
0!
#59282253975
1!
#59282753975
0!
#59283253975
1!
#59283753975
0!
#59284253975
1!
#59284753975
0!
#59285253975
1!
#59285753975
0!
#59286253975
1!
#59286753975
0!
#59287253975
1!
#59287753975
0!
#59288253975
1!
#59288753975
0!
#59289253975
1!
#59289753975
0!
#59290253975
1!
#59290753975
0!
#59291253975
1!
#59291753975
0!
#59292253975
1!
#59292753975
0!
#59293253975
1!
#59293753975
0!
#59294253975
1!
#59294753975
0!
#59295253975
1!
#59295753975
0!
#59296253975
1!
#59296753975
0!
#59297253975
1!
#59297753975
0!
#59298253975
1!
#59298753975
0!
#59299253975
1!
#59299753975
0!
#59300253975
1!
#59300753975
0!
#59301253975
1!
#59301753975
0!
#59302253975
1!
#59302753975
0!
#59303253975
1!
#59303753975
0!
#59304253975
1!
#59304753975
0!
#59305253975
1!
#59305753975
0!
#59306253975
1!
#59306753975
0!
#59307253975
1!
#59307753975
0!
#59308253975
1!
#59308753975
0!
#59309253975
1!
#59309753975
0!
#59310253975
1!
#59310753975
0!
#59311253975
1!
#59311753975
0!
#59312253975
1!
#59312753975
0!
#59313253975
1!
#59313753975
0!
#59314253975
1!
#59314753975
0!
#59315253975
1!
#59315753975
0!
#59316253975
1!
#59316753975
0!
#59317253975
1!
#59317753975
0!
#59318253975
1!
#59318753975
0!
#59319253975
1!
#59319753975
0!
#59320253975
1!
#59320753975
0!
#59321253975
1!
#59321753975
0!
#59322253975
1!
#59322753975
0!
#59323253975
1!
#59323753975
0!
#59324253975
1!
#59324753975
0!
#59325253975
1!
#59325753975
0!
#59326253975
1!
#59326753975
0!
#59327253975
1!
#59327753975
0!
#59328253975
1!
#59328753975
0!
#59329253975
1!
#59329753975
0!
#59330253975
1!
#59330753975
0!
#59331253975
1!
#59331753975
0!
#59332253975
1!
#59332753975
0!
#59333253975
1!
#59333753975
0!
#59334253975
1!
#59334753975
0!
#59335253975
1!
#59335753975
0!
#59336253975
1!
#59336753975
0!
#59337253975
1!
#59337753975
0!
#59338253975
1!
#59338753975
0!
#59339253975
1!
#59339753975
0!
#59340253975
1!
#59340753975
0!
#59341253975
1!
#59341753975
0!
#59342253975
1!
#59342753975
0!
#59343253975
1!
#59343753975
0!
#59344253975
1!
#59344753975
0!
#59345253975
1!
#59345753975
0!
#59346253975
1!
#59346753975
0!
#59347253975
1!
#59347753975
0!
#59348253975
1!
#59348753975
0!
#59349253975
1!
#59349753975
0!
#59350253975
1!
#59350753975
0!
#59351253975
1!
#59351753975
0!
#59352253975
1!
#59352753975
0!
#59353253975
1!
#59353753975
0!
#59354253975
1!
#59354753975
0!
#59355253975
1!
#59355753975
0!
#59356253975
1!
#59356753975
0!
#59357253975
1!
#59357753975
0!
#59358253975
1!
#59358753975
0!
#59359253975
1!
#59359753975
0!
#59360253975
1!
#59360753975
0!
#59361253975
1!
#59361753975
0!
#59362253975
1!
#59362753975
0!
#59363253975
1!
#59363753975
0!
#59364253975
1!
#59364753975
0!
#59365253975
1!
#59365753975
0!
#59366253975
1!
#59366753975
0!
#59367253975
1!
#59367753975
0!
#59368253975
1!
#59368753975
0!
#59369253975
1!
#59369753975
0!
#59370253975
1!
#59370753975
0!
#59371253975
1!
#59371753975
0!
#59372253975
1!
#59372753975
0!
#59373253975
1!
#59373753975
0!
#59374253975
1!
#59374753975
0!
#59375253975
1!
#59375753975
0!
#59376253975
1!
#59376753975
0!
#59377253975
1!
#59377753975
0!
#59378253975
1!
#59378753975
0!
#59379253975
1!
#59379753975
0!
#59380253975
1!
#59380753975
0!
#59381253975
1!
#59381753975
0!
#59382253975
1!
#59382753975
0!
#59383253975
1!
#59383753975
0!
#59384253975
1!
#59384753975
0!
#59385253975
1!
#59385753975
0!
#59386253975
1!
#59386753975
0!
#59387253975
1!
#59387753975
0!
#59388253975
1!
#59388753975
0!
#59389253975
1!
#59389753975
0!
#59390253975
1!
#59390753975
0!
#59391253975
1!
#59391753975
0!
#59392253975
1!
#59392753975
0!
#59393253975
1!
#59393753975
0!
#59394253975
1!
#59394753975
0!
#59395253975
1!
#59395753975
0!
#59396253975
1!
#59396753975
0!
#59397253975
1!
#59397753975
0!
#59398253975
1!
#59398753975
0!
#59399253975
1!
#59399753975
0!
#59400253975
1!
#59400753975
0!
#59401253975
1!
#59401753975
0!
#59402253975
1!
#59402753975
0!
#59403253975
1!
#59403753975
0!
#59404253975
1!
#59404753975
0!
#59405253975
1!
#59405753975
0!
#59406253975
1!
#59406753975
0!
#59407253975
1!
#59407753975
0!
#59408253975
1!
#59408753975
0!
#59409253975
1!
#59409753975
0!
#59410253975
1!
#59410753975
0!
#59411253975
1!
#59411753975
0!
#59412253975
1!
#59412753975
0!
#59413253975
1!
#59413753975
0!
#59414253975
1!
#59414753975
0!
#59415253975
1!
#59415753975
0!
#59416253975
1!
#59416753975
0!
#59417253975
1!
#59417753975
0!
#59418253975
1!
#59418753975
0!
#59419253975
1!
#59419753975
0!
#59420253975
1!
#59420753975
0!
#59421253975
1!
#59421753975
0!
#59422253975
1!
#59422753975
0!
#59423253975
1!
#59423753975
0!
#59424253975
1!
#59424753975
0!
#59425253975
1!
#59425753975
0!
#59426253975
1!
#59426753975
0!
#59427253975
1!
#59427753975
0!
#59428253975
1!
#59428753975
0!
#59429253975
1!
#59429753975
0!
#59430253975
1!
#59430753975
0!
#59431253975
1!
#59431753975
0!
#59432253975
1!
#59432753975
0!
#59433253975
1!
#59433753975
0!
#59434253975
1!
#59434753975
0!
#59435253975
1!
#59435753975
0!
#59436253975
1!
#59436753975
0!
#59437253975
1!
#59437753975
0!
#59438253975
1!
#59438753975
0!
#59439253975
1!
#59439753975
0!
#59440253975
1!
#59440753975
0!
#59441253975
1!
#59441753975
0!
#59442253975
1!
#59442753975
0!
#59443253975
1!
#59443753975
0!
#59444253975
1!
#59444753975
0!
#59445253975
1!
#59445753975
0!
#59446253975
1!
#59446753975
0!
#59447253975
1!
#59447753975
0!
#59448253975
1!
#59448753975
0!
#59449253975
1!
#59449753975
0!
#59450253975
1!
#59450753975
0!
#59451253975
1!
#59451753975
0!
#59452253975
1!
#59452753975
0!
#59453253975
1!
#59453753975
0!
#59454253975
1!
#59454753975
0!
#59455253975
1!
#59455753975
0!
#59456253975
1!
#59456753975
0!
#59457253975
1!
#59457753975
0!
#59458253975
1!
#59458753975
0!
#59459253975
1!
#59459753975
0!
#59460253975
1!
#59460753975
0!
#59461253975
1!
#59461753975
0!
#59462253975
1!
#59462753975
0!
#59463253975
1!
#59463753975
0!
#59464253975
1!
#59464753975
0!
#59465253975
1!
#59465753975
0!
#59466253975
1!
#59466753975
0!
#59467253975
1!
#59467753975
0!
#59468253975
1!
#59468753975
0!
#59469253975
1!
#59469753975
0!
#59470253975
1!
#59470753975
0!
#59471253975
1!
#59471753975
0!
#59472253975
1!
#59472753975
0!
#59473253975
1!
#59473753975
0!
#59474253975
1!
#59474753975
0!
#59475253975
1!
#59475753975
0!
#59476253975
1!
#59476753975
0!
#59477253975
1!
#59477753975
0!
#59478253975
1!
#59478753975
0!
#59479253975
1!
#59479753975
0!
#59480253975
1!
#59480753975
0!
#59481253975
1!
#59481753975
0!
#59482253975
1!
#59482753975
0!
#59483253975
1!
#59483753975
0!
#59484253975
1!
#59484753975
0!
#59485253975
1!
#59485753975
0!
#59486253975
1!
#59486753975
0!
#59487253975
1!
#59487753975
0!
#59488253975
1!
#59488753975
0!
#59489253975
1!
#59489753975
0!
#59490253975
1!
#59490753975
0!
#59491253975
1!
#59491753975
0!
#59492253975
1!
#59492753975
0!
#59493253975
1!
#59493753975
0!
#59494253975
1!
#59494753975
0!
#59495253975
1!
#59495753975
0!
#59496253975
1!
#59496753975
0!
#59497253975
1!
#59497753975
0!
#59498253975
1!
#59498753975
0!
#59499253975
1!
#59499753975
0!
#59500253975
1!
#59500753975
0!
#59501253975
1!
#59501753975
0!
#59502253975
1!
#59502753975
0!
#59503253975
1!
#59503753975
0!
#59504253975
1!
#59504753975
0!
#59505253975
1!
#59505753975
0!
#59506253975
1!
#59506753975
0!
#59507253975
1!
#59507753975
0!
#59508253975
1!
#59508753975
0!
#59509253975
1!
#59509753975
0!
#59510253975
1!
#59510753975
0!
#59511253975
1!
#59511753975
0!
#59512253975
1!
#59512753975
0!
#59513253975
1!
#59513753975
0!
#59514253975
1!
#59514753975
0!
#59515253975
1!
#59515753975
0!
#59516253975
1!
#59516753975
0!
#59517253975
1!
#59517753975
0!
#59518253975
1!
#59518753975
0!
#59519253975
1!
#59519753975
0!
#59520253975
1!
#59520753975
0!
#59521253975
1!
#59521753975
0!
#59522253975
1!
#59522753975
0!
#59523253975
1!
#59523753975
0!
#59524253975
1!
#59524753975
0!
#59525253975
1!
#59525753975
0!
#59526253975
1!
#59526753975
0!
#59527253975
1!
#59527753975
0!
#59528253975
1!
#59528753975
0!
#59529253975
1!
#59529753975
0!
#59530253975
1!
#59530753975
0!
#59531253975
1!
#59531753975
0!
#59532253975
1!
#59532753975
0!
#59533253975
1!
#59533753975
0!
#59534253975
1!
#59534753975
0!
#59535253975
1!
#59535753975
0!
#59536253975
1!
#59536753975
0!
#59537253975
1!
#59537753975
0!
#59538253975
1!
#59538753975
0!
#59539253975
1!
#59539753975
0!
#59540253975
1!
#59540753975
0!
#59541253975
1!
#59541753975
0!
#59542253975
1!
#59542753975
0!
#59543253975
1!
#59543753975
0!
#59544253975
1!
#59544753975
0!
#59545253975
1!
#59545753975
0!
#59546253975
1!
#59546753975
0!
#59547253975
1!
#59547753975
0!
#59548253975
1!
#59548753975
0!
#59549253975
1!
#59549753975
0!
#59550253975
1!
#59550753975
0!
#59551253975
1!
#59551753975
0!
#59552253975
1!
#59552753975
0!
#59553253975
1!
#59553753975
0!
#59554253975
1!
#59554753975
0!
#59555253975
1!
#59555753975
0!
#59556253975
1!
#59556753975
0!
#59557253975
1!
#59557753975
0!
#59558253975
1!
#59558753975
0!
#59559253975
1!
#59559753975
0!
#59560253975
1!
#59560753975
0!
#59561253975
1!
#59561753975
0!
#59562253975
1!
#59562753975
0!
#59563253975
1!
#59563753975
0!
#59564253975
1!
#59564753975
0!
#59565253975
1!
#59565753975
0!
#59566253975
1!
#59566753975
0!
#59567253975
1!
#59567753975
0!
#59568253975
1!
#59568753975
0!
#59569253975
1!
#59569753975
0!
#59570253975
1!
#59570753975
0!
#59571253975
1!
#59571753975
0!
#59572253975
1!
#59572753975
0!
#59573253975
1!
#59573753975
0!
#59574253975
1!
#59574753975
0!
#59575253975
1!
#59575753975
0!
#59576253975
1!
#59576753975
0!
#59577253975
1!
#59577753975
0!
#59578253975
1!
#59578753975
0!
#59579253975
1!
#59579753975
0!
#59580253975
1!
#59580753975
0!
#59581253975
1!
#59581753975
0!
#59582253975
1!
#59582753975
0!
#59583253975
1!
#59583753975
0!
#59584253975
1!
#59584753975
0!
#59585253975
1!
#59585753975
0!
#59586253975
1!
#59586753975
0!
#59587253975
1!
#59587753975
0!
#59588253975
1!
#59588753975
0!
#59589253975
1!
#59589753975
0!
#59590253975
1!
#59590753975
0!
#59591253975
1!
#59591753975
0!
#59592253975
1!
#59592753975
0!
#59593253975
1!
#59593753975
0!
#59594253975
1!
#59594753975
0!
#59595253975
1!
#59595753975
0!
#59596253975
1!
#59596753975
0!
#59597253975
1!
#59597753975
0!
#59598253975
1!
#59598753975
0!
#59599253975
1!
#59599753975
0!
#59600253975
1!
#59600753975
0!
#59601253975
1!
#59601753975
0!
#59602253975
1!
#59602753975
0!
#59603253975
1!
#59603753975
0!
#59604253975
1!
#59604753975
0!
#59605253975
1!
#59605753975
0!
#59606253975
1!
#59606753975
0!
#59607253975
1!
#59607753975
0!
#59608253975
1!
#59608753975
0!
#59609253975
1!
#59609753975
0!
#59610253975
1!
#59610753975
0!
#59611253975
1!
#59611753975
0!
#59612253975
1!
#59612753975
0!
#59613253975
1!
#59613753975
0!
#59614253975
1!
#59614753975
0!
#59615253975
1!
#59615753975
0!
#59616253975
1!
#59616753975
0!
#59617253975
1!
#59617753975
0!
#59618253975
1!
#59618753975
0!
#59619253975
1!
#59619753975
0!
#59620253975
1!
#59620753975
0!
#59621253975
1!
#59621753975
0!
#59622253975
1!
#59622753975
0!
#59623253975
1!
#59623753975
0!
#59624253975
1!
#59624753975
0!
#59625253975
1!
#59625753975
0!
#59626253975
1!
#59626753975
0!
#59627253975
1!
#59627753975
0!
#59628253975
1!
#59628753975
0!
#59629253975
1!
#59629753975
0!
#59630253975
1!
#59630753975
0!
#59631253975
1!
#59631753975
0!
#59632253975
1!
#59632753975
0!
#59633253975
1!
#59633753975
0!
#59634253975
1!
#59634753975
0!
#59635253975
1!
#59635753975
0!
#59636253975
1!
#59636753975
0!
#59637253975
1!
#59637753975
0!
#59638253975
1!
#59638753975
0!
#59639253975
1!
#59639753975
0!
#59640253975
1!
#59640753975
0!
#59641253975
1!
#59641753975
0!
#59642253975
1!
#59642753975
0!
#59643253975
1!
#59643753975
0!
#59644253975
1!
#59644753975
0!
#59645253975
1!
#59645753975
0!
#59646253975
1!
#59646753975
0!
#59647253975
1!
#59647753975
0!
#59648253975
1!
#59648753975
0!
#59649253975
1!
#59649753975
0!
#59650253975
1!
#59650753975
0!
#59651253975
1!
#59651753975
0!
#59652253975
1!
#59652753975
0!
#59653253975
1!
#59653753975
0!
#59654253975
1!
#59654753975
0!
#59655253975
1!
#59655753975
0!
#59656253975
1!
#59656753975
0!
#59657253975
1!
#59657753975
0!
#59658253975
1!
#59658753975
0!
#59659253975
1!
#59659753975
0!
#59660253975
1!
#59660753975
0!
#59661253975
1!
#59661753975
0!
#59662253975
1!
#59662753975
0!
#59663253975
1!
#59663753975
0!
#59664253975
1!
#59664753975
0!
#59665253975
1!
#59665753975
0!
#59666253975
1!
#59666753975
0!
#59667253975
1!
#59667753975
0!
#59668253975
1!
#59668753975
0!
#59669253975
1!
#59669753975
0!
#59670253975
1!
#59670753975
0!
#59671253975
1!
#59671753975
0!
#59672253975
1!
#59672753975
0!
#59673253975
1!
#59673753975
0!
#59674253975
1!
#59674753975
0!
#59675253975
1!
#59675753975
0!
#59676253975
1!
#59676753975
0!
#59677253975
1!
#59677753975
0!
#59678253975
1!
#59678753975
0!
#59679253975
1!
#59679753975
0!
#59680253975
1!
#59680753975
0!
#59681253975
1!
#59681753975
0!
#59682253975
1!
#59682753975
0!
#59683253975
1!
#59683753975
0!
#59684253975
1!
#59684753975
0!
#59685253975
1!
#59685753975
0!
#59686253975
1!
#59686753975
0!
#59687253975
1!
#59687753975
0!
#59688253975
1!
#59688753975
0!
#59689253975
1!
#59689753975
0!
#59690253975
1!
#59690753975
0!
#59691253975
1!
#59691753975
0!
#59692253975
1!
#59692753975
0!
#59693253975
1!
#59693753975
0!
#59694253975
1!
#59694753975
0!
#59695253975
1!
#59695753975
0!
#59696253975
1!
#59696753975
0!
#59697253975
1!
#59697753975
0!
#59698253975
1!
#59698753975
0!
#59699253975
1!
#59699753975
0!
#59700253975
1!
#59700753975
0!
#59701253975
1!
#59701753975
0!
#59702253975
1!
#59702753975
0!
#59703253975
1!
#59703753975
0!
#59704253975
1!
#59704753975
0!
#59705253975
1!
#59705753975
0!
#59706253975
1!
#59706753975
0!
#59707253975
1!
#59707753975
0!
#59708253975
1!
#59708753975
0!
#59709253975
1!
#59709753975
0!
#59710253975
1!
#59710753975
0!
#59711253975
1!
#59711753975
0!
#59712253975
1!
#59712753975
0!
#59713253975
1!
#59713753975
0!
#59714253975
1!
#59714753975
0!
#59715253975
1!
#59715753975
0!
#59716253975
1!
#59716753975
0!
#59717253975
1!
#59717753975
0!
#59718253975
1!
#59718753975
0!
#59719253975
1!
#59719753975
0!
#59720253975
1!
#59720753975
0!
#59721253975
1!
#59721753975
0!
#59722253975
1!
#59722753975
0!
#59723253975
1!
#59723753975
0!
#59724253975
1!
#59724753975
0!
#59725253975
1!
#59725753975
0!
#59726253975
1!
#59726753975
0!
#59727253975
1!
#59727753975
0!
#59728253975
1!
#59728753975
0!
#59729253975
1!
#59729753975
0!
#59730253975
1!
#59730753975
0!
#59731253975
1!
#59731753975
0!
#59732253975
1!
#59732753975
0!
#59733253975
1!
#59733753975
0!
#59734253975
1!
#59734753975
0!
#59735253975
1!
#59735753975
0!
#59736253975
1!
#59736753975
0!
#59737253975
1!
#59737753975
0!
#59738253975
1!
#59738753975
0!
#59739253975
1!
#59739753975
0!
#59740253975
1!
#59740753975
0!
#59741253975
1!
#59741753975
0!
#59742253975
1!
#59742753975
0!
#59743253975
1!
#59743753975
0!
#59744253975
1!
#59744753975
0!
#59745253975
1!
#59745753975
0!
#59746253975
1!
#59746753975
0!
#59747253975
1!
#59747753975
0!
#59748253975
1!
#59748753975
0!
#59749253975
1!
#59749753975
0!
#59750253975
1!
#59750753975
0!
#59751253975
1!
#59751753975
0!
#59752253975
1!
#59752753975
0!
#59753253975
1!
#59753753975
0!
#59754253975
1!
#59754753975
0!
#59755253975
1!
#59755753975
0!
#59756253975
1!
#59756753975
0!
#59757253975
1!
#59757753975
0!
#59758253975
1!
#59758753975
0!
#59759253975
1!
#59759753975
0!
#59760253975
1!
#59760753975
0!
#59761253975
1!
#59761753975
0!
#59762253975
1!
#59762753975
0!
#59763253975
1!
#59763753975
0!
#59764253975
1!
#59764753975
0!
#59765253975
1!
#59765753975
0!
#59766253975
1!
#59766753975
0!
#59767253975
1!
#59767753975
0!
#59768253975
1!
#59768753975
0!
#59769253975
1!
#59769753975
0!
#59770253975
1!
#59770753975
0!
#59771253975
1!
#59771753975
0!
#59772253975
1!
#59772753975
0!
#59773253975
1!
#59773753975
0!
#59774253975
1!
#59774753975
0!
#59775253975
1!
#59775753975
0!
#59776253975
1!
#59776753975
0!
#59777253975
1!
#59777753975
0!
#59778253975
1!
#59778753975
0!
#59779253975
1!
#59779753975
0!
#59780253975
1!
#59780753975
0!
#59781253975
1!
#59781753975
0!
#59782253975
1!
#59782753975
0!
#59783253975
1!
#59783753975
0!
#59784253975
1!
#59784753975
0!
#59785253975
1!
#59785753975
0!
#59786253975
1!
#59786753975
0!
#59787253975
1!
#59787753975
0!
#59788253975
1!
#59788753975
0!
#59789253975
1!
#59789753975
0!
#59790253975
1!
#59790753975
0!
#59791253975
1!
#59791753975
0!
#59792253975
1!
#59792753975
0!
#59793253975
1!
#59793753975
0!
#59794253975
1!
#59794753975
0!
#59795253975
1!
#59795753975
0!
#59796253975
1!
#59796753975
0!
#59797253975
1!
#59797753975
0!
#59798253975
1!
#59798753975
0!
#59799253975
1!
#59799753975
0!
#59800253975
1!
#59800753975
0!
#59801253975
1!
#59801753975
0!
#59802253975
1!
#59802753975
0!
#59803253975
1!
#59803753975
0!
#59804253975
1!
#59804753975
0!
#59805253975
1!
#59805753975
0!
#59806253975
1!
#59806753975
0!
#59807253975
1!
#59807753975
0!
#59808253975
1!
#59808753975
0!
#59809253975
1!
#59809753975
0!
#59810253975
1!
#59810753975
0!
#59811253975
1!
#59811753975
0!
#59812253975
1!
#59812753975
0!
#59813253975
1!
#59813753975
0!
#59814253975
1!
#59814753975
0!
#59815253975
1!
#59815753975
0!
#59816253975
1!
#59816753975
0!
#59817253975
1!
#59817753975
0!
#59818253975
1!
#59818753975
0!
#59819253975
1!
#59819753975
0!
#59820253975
1!
#59820753975
0!
#59821253975
1!
#59821753975
0!
#59822253975
1!
#59822753975
0!
#59823253975
1!
#59823753975
0!
#59824253975
1!
#59824753975
0!
#59825253975
1!
#59825753975
0!
#59826253975
1!
#59826753975
0!
#59827253975
1!
#59827753975
0!
#59828253975
1!
#59828753975
0!
#59829253975
1!
#59829753975
0!
#59830253975
1!
#59830753975
0!
#59831253975
1!
#59831753975
0!
#59832253975
1!
#59832753975
0!
#59833253975
1!
#59833753975
0!
#59834253975
1!
#59834753975
0!
#59835253975
1!
#59835753975
0!
#59836253975
1!
#59836753975
0!
#59837253975
1!
#59837753975
0!
#59838253975
1!
#59838753975
0!
#59839253975
1!
#59839753975
0!
#59840253975
1!
#59840753975
0!
#59841253975
1!
#59841753975
0!
#59842253975
1!
#59842753975
0!
#59843253975
1!
#59843753975
0!
#59844253975
1!
#59844753975
0!
#59845253975
1!
#59845753975
0!
#59846253975
1!
#59846753975
0!
#59847253975
1!
#59847753975
0!
#59848253975
1!
#59848753975
0!
#59849253975
1!
#59849753975
0!
#59850253975
1!
#59850753975
0!
#59851253975
1!
#59851753975
0!
#59852253975
1!
#59852753975
0!
#59853253975
1!
#59853753975
0!
#59854253975
1!
#59854753975
0!
#59855253975
1!
#59855753975
0!
#59856253975
1!
#59856753975
0!
#59857253975
1!
#59857753975
0!
#59858253975
1!
#59858753975
0!
#59859253975
1!
#59859753975
0!
#59860253975
1!
#59860753975
0!
#59861253975
1!
#59861753975
0!
#59862253975
1!
#59862753975
0!
#59863253975
1!
#59863753975
0!
#59864253975
1!
#59864753975
0!
#59865253975
1!
#59865753975
0!
#59866253975
1!
#59866753975
0!
#59867253975
1!
#59867753975
0!
#59868253975
1!
#59868753975
0!
#59869253975
1!
#59869753975
0!
#59870253975
1!
#59870753975
0!
#59871253975
1!
#59871753975
0!
#59872253975
1!
#59872753975
0!
#59873253975
1!
#59873753975
0!
#59874253975
1!
#59874753975
0!
#59875253975
1!
#59875753975
0!
#59876253975
1!
#59876753975
0!
#59877253975
1!
#59877753975
0!
#59878253975
1!
#59878753975
0!
#59879253975
1!
#59879753975
0!
#59880253975
1!
#59880753975
0!
#59881253975
1!
#59881753975
0!
#59882253975
1!
#59882753975
0!
#59883253975
1!
#59883753975
0!
#59884253975
1!
#59884753975
0!
#59885253975
1!
#59885753975
0!
#59886253975
1!
#59886753975
0!
#59887253975
1!
#59887753975
0!
#59888253975
1!
#59888753975
0!
#59889253975
1!
#59889753975
0!
#59890253975
1!
#59890753975
0!
#59891253975
1!
#59891753975
0!
#59892253975
1!
#59892753975
0!
#59893253975
1!
#59893753975
0!
#59894253975
1!
#59894753975
0!
#59895253975
1!
#59895753975
0!
#59896253975
1!
#59896753975
0!
#59897253975
1!
#59897753975
0!
#59898253975
1!
#59898753975
0!
#59899253975
1!
#59899753975
0!
#59900253975
1!
#59900753975
0!
#59901253975
1!
#59901753975
0!
#59902253975
1!
#59902753975
0!
#59903253975
1!
#59903753975
0!
#59904253975
1!
#59904753975
0!
#59905253975
1!
#59905753975
0!
#59906253975
1!
#59906753975
0!
#59907253975
1!
#59907753975
0!
#59908253975
1!
#59908753975
0!
#59909253975
1!
#59909753975
0!
#59910253975
1!
#59910753975
0!
#59911253975
1!
#59911753975
0!
#59912253975
1!
#59912753975
0!
#59913253975
1!
#59913753975
0!
#59914253975
1!
#59914753975
0!
#59915253975
1!
#59915753975
0!
#59916253975
1!
#59916753975
0!
#59917253975
1!
#59917753975
0!
#59918253975
1!
#59918753975
0!
#59919253975
1!
#59919753975
0!
#59920253975
1!
#59920753975
0!
#59921253975
1!
#59921753975
0!
#59922253975
1!
#59922753975
0!
#59923253975
1!
#59923753975
0!
#59924253975
1!
#59924753975
0!
#59925253975
1!
#59925753975
0!
#59926253975
1!
#59926753975
0!
#59927253975
1!
#59927753975
0!
#59928253975
1!
#59928753975
0!
#59929253975
1!
#59929753975
0!
#59930253975
1!
#59930753975
0!
#59931253975
1!
#59931753975
0!
#59932253975
1!
#59932753975
0!
#59933253975
1!
#59933753975
0!
#59934253975
1!
#59934753975
0!
#59935253975
1!
#59935753975
0!
#59936253975
1!
#59936753975
0!
#59937253975
1!
#59937753975
0!
#59938253975
1!
#59938753975
0!
#59939253975
1!
#59939753975
0!
#59940253975
1!
#59940753975
0!
#59941253975
1!
#59941753975
0!
#59942253975
1!
#59942753975
0!
#59943253975
1!
#59943753975
0!
#59944253975
1!
#59944753975
0!
#59945253975
1!
#59945753975
0!
#59946253975
1!
#59946753975
0!
#59947253975
1!
#59947753975
0!
#59948253975
1!
#59948753975
0!
#59949253975
1!
#59949753975
0!
#59950253975
1!
#59950753975
0!
#59951253975
1!
#59951753975
0!
#59952253975
1!
#59952753975
0!
#59953253975
1!
#59953753975
0!
#59954253975
1!
#59954753975
0!
#59955253975
1!
#59955753975
0!
#59956253975
1!
#59956753975
0!
#59957253975
1!
#59957753975
0!
#59958253975
1!
#59958753975
0!
#59959253975
1!
#59959753975
0!
#59960253975
1!
#59960753975
0!
#59961253975
1!
#59961753975
0!
#59962253975
1!
#59962753975
0!
#59963253975
1!
#59963753975
0!
#59964253975
1!
#59964753975
0!
#59965253975
1!
#59965753975
0!
#59966253975
1!
#59966753975
0!
#59967253975
1!
#59967753975
0!
#59968253975
1!
#59968753975
0!
#59969253975
1!
#59969753975
0!
#59970253975
1!
#59970753975
0!
#59971253975
1!
#59971753975
0!
#59972253975
1!
#59972753975
0!
#59973253975
1!
#59973753975
0!
#59974253975
1!
#59974753975
0!
#59975253975
1!
#59975753975
0!
#59976253975
1!
#59976753975
0!
#59977253975
1!
#59977753975
0!
#59978253975
1!
#59978753975
0!
#59979253975
1!
#59979753975
0!
#59980253975
1!
#59980753975
0!
#59981253975
1!
#59981753975
0!
#59982253975
1!
#59982753975
0!
#59983253975
1!
#59983753975
0!
#59984253975
1!
#59984753975
0!
#59985253975
1!
#59985753975
0!
#59986253975
1!
#59986753975
0!
#59987253975
1!
#59987753975
0!
#59988253975
1!
#59988753975
0!
#59989253975
1!
#59989753975
0!
#59990253975
1!
#59990753975
0!
#59991253975
1!
#59991753975
0!
#59992253975
1!
#59992753975
0!
#59993253975
1!
#59993753975
0!
#59994253975
1!
#59994753975
0!
#59995253975
1!
#59995753975
0!
#59996253975
1!
#59996753975
0!
#59997253975
1!
#59997753975
0!
#59998253975
1!
#59998753975
0!
#59999253975
1!
#59999753975
0!
#60000253975
1!
#60000753975
0!
#60001253975
1!
#60001753975
0!
#60002253975
1!
#60002753975
0!
#60003253975
1!
#60003753975
0!
#60004253975
1!
#60004753975
0!
#60005253975
1!
#60005753975
0!
#60006253975
1!
#60006753975
0!
#60007253975
1!
#60007753975
0!
#60008253975
1!
#60008753975
0!
#60009253975
1!
#60009753975
0!
#60010253975
1!
#60010753975
0!
#60011253975
1!
#60011753975
0!
#60012253975
1!
#60012753975
0!
#60013253975
1!
#60013753975
0!
#60014253975
1!
#60014753975
0!
#60015253975
1!
#60015753975
0!
#60016253975
1!
#60016753975
0!
#60017253975
1!
#60017753975
0!
#60018253975
1!
#60018753975
0!
#60019253975
1!
#60019753975
0!
#60020253975
1!
#60020753975
0!
#60021253975
1!
#60021753975
0!
#60022253975
1!
#60022753975
0!
#60023253975
1!
#60023753975
0!
#60024253975
1!
#60024753975
0!
#60025253975
1!
#60025753975
0!
#60026253975
1!
#60026753975
0!
#60027253975
1!
#60027753975
0!
#60028253975
1!
#60028753975
0!
#60029253975
1!
#60029753975
0!
#60030253975
1!
#60030753975
0!
#60031253975
1!
#60031753975
0!
#60032253975
1!
#60032753975
0!
#60033253975
1!
#60033753975
0!
#60034253975
1!
#60034753975
0!
#60035253975
1!
#60035753975
0!
#60036253975
1!
#60036753975
0!
#60037253975
1!
#60037753975
0!
#60038253975
1!
#60038753975
0!
#60039253975
1!
#60039753975
0!
#60040253975
1!
#60040753975
0!
#60041253975
1!
#60041753975
0!
#60042253975
1!
#60042753975
0!
#60043253975
1!
#60043753975
0!
#60044253975
1!
#60044753975
0!
#60045253975
1!
#60045753975
0!
#60046253975
1!
#60046753975
0!
#60047253975
1!
#60047753975
0!
#60048253975
1!
#60048753975
0!
#60049253975
1!
#60049753975
0!
#60050253975
1!
#60050753975
0!
#60051253975
1!
#60051753975
0!
#60052253975
1!
#60052753975
0!
#60053253975
1!
#60053753975
0!
#60054253975
1!
#60054753975
0!
#60055253975
1!
#60055753975
0!
#60056253975
1!
#60056753975
0!
#60057253975
1!
#60057753975
0!
#60058253975
1!
#60058753975
0!
#60059253975
1!
#60059753975
0!
#60060253975
1!
#60060753975
0!
#60061253975
1!
#60061753975
0!
#60062253975
1!
#60062753975
0!
#60063253975
1!
#60063753975
0!
#60064253975
1!
#60064753975
0!
#60065253975
1!
#60065753975
0!
#60066253975
1!
#60066753975
0!
#60067253975
1!
#60067753975
0!
#60068253975
1!
#60068753975
0!
#77959509975
0!
#77959509975
0!
